clusterId,workingConceptName,candidateCount,distinctSourceCount,sources,confidence,ingredientSimilarity,techniqueSimilarity,structuralSimilarity,synthesisCandidate,blockReason
"dcluster_d5a772a6c1f9c27518c7d967","Омлет с лососем и страчателлой","1","1","eda","0.866286","1","1","1","false","BLOCKED_CLUSTER_CONFIDENCE"
"dcluster_54cd28ee32368b2269cb433a","Смузи-боул с ягодами","1","1","eda","0.912","1","1","1","false","BLOCKED_CLUSTER_CONFIDENCE"
"dcluster_25da1ca0f337ecfa27f5f392","Ветчина с помидорами и сыром чеддер","1","1","eda","0.858667","1","1","1","false","BLOCKED_CLUSTER_CONFIDENCE"
"dcluster_7dc388f612191369fbf04e37","Вареники с сулугуни и сметаной","1","1","eda","0.912","1","1","1","false","BLOCKED_CLUSTER_CONFIDENCE"
"dcluster_cce2ee4b25f82c72013700ee","Творожная улитка из лаваша с черной смородиной","1","1","eda","0.949143","1","1","1","false","BLOCKED_CLUSTER_CONFIDENCE"
"dcluster_22bb2b19d7c115cef7319d09","Омлетный хлеб","1","1","eda","0.848","1","1","1","false","BLOCKED_CLUSTER_CONFIDENCE"
"dcluster_bad0c5b305a93cbdfa649b66","Вишня с сыром Моцарелла в лаваше","1","1","eda","0.885333","1","1","1","false","BLOCKED_CLUSTER_CONFIDENCE"
"dcluster_ed91275c8d1589d61bd37e08","Картофельный гратен со сладким кремом из авокадо и яичницей","1","1","eda","0.959692","1","1","1","false","BLOCKED_CLUSTER_CONFIDENCE"
"dcluster_74ac4967c0c85078b83fa093","Мини-поп-корн из амаранта с медом и молоком","1","1","eda","0.872","1","1","1","false","BLOCKED_CLUSTER_CONFIDENCE"
"dcluster_4bdbe1c3ffff952873d2fed1","Запеканка с ягодами и кокосовой мукой","1","1","eda","0.94","1","1","1","false","BLOCKED_CLUSTER_CONFIDENCE"
"dcluster_06210e70a9392b5421aa0155","Рисовая каша с тыквой на молоке","4","3","1000menu|eda|russianfood","0.84719","1","1","1","true","PRODUCT_SELECTION_PENDING"
"dcluster_87b96a2fc22b24da2b6baa44","Нежный омлет с помидорами","2","2","eda|russianfood","0.804","1","1","1","true","PRODUCT_SELECTION_PENDING"
"dcluster_1fe0162c1bdc75777ce84ed5","Тосты с маршмеллоу","1","1","eda","0.824727","1","1","1","false","BLOCKED_CLUSTER_CONFIDENCE"
"dcluster_4580fe22c43498faf6ffb577","Шотландские панкейки","1","1","eda","0.889143","1","1","1","false","BLOCKED_CLUSTER_CONFIDENCE"
"dcluster_fd7cb0376a363d2ba20139bd","Бифштекс из говядины","1","1","eda","0.866286","1","1","1","false","BLOCKED_CLUSTER_CONFIDENCE"
"dcluster_3912e9a30312b0e92e7aad7f","Фаршированные перцы","1","1","eda","0.918667","1","1","1","false","BLOCKED_CLUSTER_CONFIDENCE"
"dcluster_652f9632b63c30b4e53b815b","Крошка-картошка","1","1","eda","0.900889","1","1","1","false","BLOCKED_CLUSTER_CONFIDENCE"
"dcluster_96463f786e8b6f28df09778b","Спагетти под соусом болоньезе с итальянскими травами","1","1","eda","0.853818","1","1","1","false","BLOCKED_CLUSTER_CONFIDENCE"
"dcluster_f4c68d128e04f92f63c5254c","Запеканка из пшеничной лапши с купатами","1","1","eda","0.918667","1","1","1","false","BLOCKED_CLUSTER_CONFIDENCE"
"dcluster_3f198ae08f7c64014b504524","Помидоры фаршированные","1","1","eda","0.858667","1","1","1","false","BLOCKED_CLUSTER_CONFIDENCE"
"dcluster_762d8140a60e03825cac7e35","Домашние бургеры в итальянском стиле","1","1","eda","0.893176","1","1","1","false","BLOCKED_CLUSTER_CONFIDENCE"
"dcluster_692397a36ffaf79b06af0a1e","Пикантная грудка индейки, запеченная в фольге","1","1","eda","0.912","1","1","1","false","BLOCKED_CLUSTER_CONFIDENCE"
"dcluster_9d1699201739604da9e1331c","Телятина с брусничным соусом в ржаном каравае","1","1","eda","0.895158","1","1","1","false","BLOCKED_CLUSTER_CONFIDENCE"
"dcluster_20b53ac5450b2459a01e36c0","Свиные котлеты на косточке с начинкой из овечьего сыра и орехов","1","1","eda","0.926286","1","1","1","false","BLOCKED_CLUSTER_CONFIDENCE"
"dcluster_dde54ef297aaeb4bd762d857","Жареный минтай с луком","1","1","eda","0.843429","1","1","1","false","BLOCKED_CLUSTER_CONFIDENCE"
"dcluster_625f00c0ab70e2a40746afe7","Мясо по-французски с помидорами в духовке","1","1","eda","0.912","1","1","1","false","BLOCKED_CLUSTER_CONFIDENCE"
"dcluster_077ef3eb81e104c6aa9abce8","Киш со шпинатом и сладким перцем","1","1","eda","0.954222","1","1","1","false","BLOCKED_CLUSTER_CONFIDENCE"
"dcluster_f668783b40ef527d93e3bc87","Кофейное пюре","1","1","eda","0.912","1","1","1","false","BLOCKED_CLUSTER_CONFIDENCE"
"dcluster_7b6944c18aafae831380cd6b","Веганская паста карбонара","1","1","eda","0.832","1","1","1","false","BLOCKED_CLUSTER_CONFIDENCE"
"dcluster_07466e7c5aa69eab0c1ac657","Стейк мачете","1","1","eda","0.843429","1","1","1","false","BLOCKED_CLUSTER_CONFIDENCE"
"dcluster_46d1393ba3ccc0c6d199de7e","Суп из обжаренных на гриле помидоров с хрустящими хлебными палочками с сыром","1","1","eda","0.875077","1","1","1","false","BLOCKED_CLUSTER_CONFIDENCE"
"dcluster_415247c5673ea975e556f9be","Суп из лука-порея и брокколи","1","1","eda","0.832","1","1","1","false","BLOCKED_CLUSTER_CONFIDENCE"
"dcluster_a07d7d68e39a4b2067a0801c","Весенний суп из моркови и картофеля","1","1","eda","0.864","1","1","1","false","BLOCKED_CLUSTER_CONFIDENCE"
"dcluster_50e3d856e648bec8d66c85ce","Чечевичный суп с курицей","1","1","eda","0.912","1","1","1","false","BLOCKED_CLUSTER_CONFIDENCE"
"dcluster_cdd9aaa479e7a65c5f91ebe8","Зеленые щи с хеком","1","1","eda","0.887385","1","1","1","false","BLOCKED_CLUSTER_CONFIDENCE"
"dcluster_1ba060bedd8943816bfba57f","Пряный суп-пюре из кукурузы","1","1","eda","0.898667","1","1","1","false","BLOCKED_CLUSTER_CONFIDENCE"
"dcluster_96260e307049e6b28711d264","Холодный суп из авокадо с огурцом","1","1","eda","0.866286","1","1","1","false","BLOCKED_CLUSTER_CONFIDENCE"
"dcluster_51ff5cb97ecb8ad085abf17e","Суп с тушенкой","1","1","eda","0.894222","1","1","1","false","BLOCKED_CLUSTER_CONFIDENCE"
"dcluster_dfb06ca3b6a790581a074a66","Кукси с креветкой и кальмарами","1","1","eda","0.912","1","1","1","false","BLOCKED_CLUSTER_CONFIDENCE"
"dcluster_356ded33c521048f8c32cf11","Суп рисовый с кальмарами и томатным соком","1","1","eda","0.839273","1","1","1","false","BLOCKED_CLUSTER_CONFIDENCE"
"dcluster_6b55a548b3947b26362b51b4","Буйабес по-марсельски с мидиями и креветками","1","1","eda","0.889143","1","1","1","false","BLOCKED_CLUSTER_CONFIDENCE"
"dcluster_125277746908a02b9ec96e60","Овощной суп с фасолью","1","1","eda","0.852","1","1","1","false","BLOCKED_CLUSTER_CONFIDENCE"
"dcluster_ba4856bb826922472e95b068","Суп сырный с копченостями в мультиварке","1","1","eda","0.912","1","1","1","false","BLOCKED_CLUSTER_CONFIDENCE"
"dcluster_512f10a4b7ea7cffdc1d0ae2","Томатный суп с охотничьими колбасками","1","1","eda","0.892","1","1","1","false","BLOCKED_CLUSTER_CONFIDENCE"
"dcluster_41b46c90c426d2abe208128f","Морковь по-корейски с соусом терияки","1","1","eda","0.876444","1","1","1","false","BLOCKED_CLUSTER_CONFIDENCE"
"dcluster_cc7a371a3a085a261b159eb2","Салат из пекинской капусты и огурца с тунцом","1","1","eda","0.894222","1","1","1","false","BLOCKED_CLUSTER_CONFIDENCE"
"dcluster_45d05837b3ee76126c9eecb5","Салат с белыми грибами и горгонзолой","1","1","eda","0.912","1","1","1","false","BLOCKED_CLUSTER_CONFIDENCE"
"dcluster_3a303bcb2a60a8fa11ee4a61","Осенний салат «Амелия»","1","1","eda","0.88","1","1","1","false","BLOCKED_CLUSTER_CONFIDENCE"
"dcluster_ebd9c63f76bc5ceb26841e91","Салат из говяжьего ростбифа с вареным яйцом и медово-горчичным соусом","1","1","eda","0.894222","1","1","1","false","BLOCKED_CLUSTER_CONFIDENCE"
"dcluster_8b6849726ef4bb6c72d59812","Салат из консервированных кальмаров и ананасов","1","1","eda","0.912","1","1","1","false","BLOCKED_CLUSTER_CONFIDENCE"
"dcluster_a67678ed1cf6184903e0b6e3","Капустный салат","1","1","eda","0.88","1","1","1","false","BLOCKED_CLUSTER_CONFIDENCE"
"dcluster_c4c6bf9511318ace70064cbe","Салат из сельдерея с грудкой индейки","1","1","eda","0.88","1","1","1","false","BLOCKED_CLUSTER_CONFIDENCE"
"dcluster_59671113703c6c5ee9faa0f1","Салат Цезарь классический с курицей","2","2","1000menu|eda","0.927666","1","1","1","true","BLOCKED_CONFLICT"
"dcluster_9d58a4d3b47e78146fc424a7","Салат «Венеция»","1","1","eda","0.889143","1","1","1","false","BLOCKED_CLUSTER_CONFIDENCE"
"dcluster_b2da4137b5fc6e5a17d8af9b","Салат с консервированными тунцом и фасолью","1","1","eda","0.822","1","1","1","false","BLOCKED_CLUSTER_CONFIDENCE"
"dcluster_b951faadda6f445c81ebd8e0","Салат с беконом и коктейльными томатами","1","1","eda","0.872","1","1","1","false","BLOCKED_CLUSTER_CONFIDENCE"
"dcluster_39baa98cf62371cb8108ff23","Морковь на гриле с кремом из горгонзолы","1","1","eda","0.912","1","1","1","false","BLOCKED_CLUSTER_CONFIDENCE"
"dcluster_777da17d1fa3c8d996ab3af4","Печеные грибы со сливочным маслом и розмарином","1","1","eda","0.912","1","1","1","false","BLOCKED_CLUSTER_CONFIDENCE"
"dcluster_5116ea27325f3a8284046e37","Язычки из баклажанов","1","1","eda","0.872","1","1","1","false","BLOCKED_CLUSTER_CONFIDENCE"
"dcluster_ab0b335ba052153b5a30f3b0","Роллы из оливье в блинчиках из омлета","1","1","eda","0.843429","1","1","1","false","BLOCKED_CLUSTER_CONFIDENCE"
"dcluster_d9a8638a47eda1c14fda8929","Оладьи кабачковые","1","1","eda","0.868364","1","1","1","false","BLOCKED_CLUSTER_CONFIDENCE"
"dcluster_6367f7b7668fcfc74914c54c","Сало с черемшой","1","1","eda","0.912","1","1","1","false","BLOCKED_CLUSTER_CONFIDENCE"
"dcluster_cee2360aebd03d49af5f2381","Паровая баклажанная икра","1","1","eda","0.848","1","1","1","false","BLOCKED_CLUSTER_CONFIDENCE"
"dcluster_5ad14789e7f5aac2e0284fb7","Риет из красной рыбы","1","1","eda","0.848","1","1","1","false","BLOCKED_CLUSTER_CONFIDENCE"
"dcluster_ffa6f27b5c2635fe74dfcadd","Паста с лососем","1","1","eda","0.852","1","1","1","false","BLOCKED_CLUSTER_CONFIDENCE"
"dcluster_fee26b6c9892719d2eb2c10b","Лапша с говядиной по-тибетски","1","1","eda","0.885333","1","1","1","false","BLOCKED_CLUSTER_CONFIDENCE"
"dcluster_7f2ef5729e68f838d97cb9a4","Пицца «Карбонара по-сибирски»","1","1","eda","0.858667","1","1","1","false","BLOCKED_CLUSTER_CONFIDENCE"
"dcluster_ab755c952be0aecf83a4a0d0","Фузилли с соусом болоньезе","1","1","eda","0.864","1","1","1","false","BLOCKED_CLUSTER_CONFIDENCE"
"dcluster_1ae8615dc91b5199f00cbce2","Паста с польпетте в томатном соусе","1","1","eda","0.872","1","1","1","false","BLOCKED_CLUSTER_CONFIDENCE"
"dcluster_508c6c6843db867715af9c76","Паста с шампиньонами и беконом в сливочном соусе","1","1","eda","0.885333","1","1","1","false","BLOCKED_CLUSTER_CONFIDENCE"
"dcluster_becae7a34d2149eec42e4db1","Домашняя паста с белыми грибами и сморчками","1","1","eda","0.885333","1","1","1","false","BLOCKED_CLUSTER_CONFIDENCE"
"dcluster_a901869a8b22bdc0ca7edeab","Тонкое дрожжевое тесто для пиццы","1","1","eda","0.918667","1","1","1","false","BLOCKED_CLUSTER_CONFIDENCE"
"dcluster_dc1cf547f447a198cc0819a8","Суп с тофу по-азиатски","1","1","eda","0.896","1","1","1","false","BLOCKED_CLUSTER_CONFIDENCE"
"dcluster_697dd46296b1b871ce15b8f2","Бульон из цесарки с яичными клецками","1","1","eda","0.858667","1","1","1","false","BLOCKED_CLUSTER_CONFIDENCE"
"dcluster_23236eb8dbcacef32c9e9496","Легкий куриный бульон с морковью и луком","1","1","eda","0.866286","1","1","1","false","BLOCKED_CLUSTER_CONFIDENCE"
"dcluster_682bbbe55ae329f3991a0931","Овощной бульон","1","1","eda","0.877714","1","1","1","false","BLOCKED_CLUSTER_CONFIDENCE"
"dcluster_3057a82995d8b1eeb4eae783","Куриный бульон","1","1","eda","0.812","1","1","1","false","BLOCKED_CLUSTER_CONFIDENCE"
"dcluster_bfa30111024713384f86800b","Домашняя курица в луково-яичном бульоне","1","1","eda","0.832","1","1","1","false","BLOCKED_CLUSTER_CONFIDENCE"
"dcluster_400c0d8caa4f320f41cef74e","Шафрановый рис с изюмом и орехами","1","1","eda","0.866286","1","1","1","false","BLOCKED_CLUSTER_CONFIDENCE"
"dcluster_7faf47367fde409c410d4a85","Тыквенное ризотто с кусочками тыквы","1","1","eda","0.910462","1","1","1","false","BLOCKED_CLUSTER_CONFIDENCE"
"dcluster_d2f685445dd00270cbe3b51c","Орзотто","1","1","eda","0.862769","1","1","1","false","BLOCKED_CLUSTER_CONFIDENCE"
"dcluster_9e6d8c5e0f4e3a563c514ea8","Ярко-зеленое ризотто","1","1","eda","0.877714","1","1","1","false","BLOCKED_CLUSTER_CONFIDENCE"
"dcluster_5aceaad18dbb60072cf423fd","Ризотто с колбасками и красным вином","1","1","eda","0.887385","1","1","1","false","BLOCKED_CLUSTER_CONFIDENCE"
"dcluster_669b3f407877eec0ae9e6612","Заправка для греческого салата","1","1","eda","0.832","1","1","1","false","BLOCKED_CLUSTER_CONFIDENCE"
"dcluster_008e12476542f719e08386fd","Майонез с маслом расторопши","1","1","eda","0.872","1","1","1","false","BLOCKED_CLUSTER_CONFIDENCE"
"dcluster_b56595a22d57f196eac483e5","Гуакамоле с тортильей","1","1","eda","0.894222","1","1","1","false","BLOCKED_CLUSTER_CONFIDENCE"
"dcluster_83f3794e752baafb609cb27e","Гранатово-соевый маринад для мяса","1","1","eda","0.840889","1","1","1","false","BLOCKED_CLUSTER_CONFIDENCE"
"dcluster_ae95939498cb7effee81ce2c","Какао-соус","1","1","eda","0.912","1","1","1","false","BLOCKED_CLUSTER_CONFIDENCE"
"dcluster_5b71ef23123496ae2ee768c7","По-бой сендвич с устрицами","1","1","eda","0.942909","1","1","1","false","BLOCKED_CLUSTER_CONFIDENCE"
"dcluster_dc8da9892ed9fc35d6f8300c","Бургер с болгарским перцем и соусом Табаско","1","1","eda","0.853818","1","1","1","false","BLOCKED_CLUSTER_CONFIDENCE"
"dcluster_b2077b8790b54d98aea59aa6","Буррито с филе","1","1","eda","0.843429","1","1","1","false","BLOCKED_CLUSTER_CONFIDENCE"
"dcluster_47e2d59f4134c6bc9accd51b","Бутерброды с икрой, укропом и сметаной","1","1","eda","0.848","1","1","1","false","BLOCKED_CLUSTER_CONFIDENCE"
"dcluster_630a75c193884c7b1803cbd5","Драники картофельные на сковороде","1","1","1000menu","0.858667","1","1","1","false","BLOCKED_CLUSTER_CONFIDENCE"
"dcluster_bc23712847012165704fe46a","Драники картофельные классические","1","1","1000menu","0.926286","1","1","1","false","BLOCKED_CLUSTER_CONFIDENCE"
"dcluster_da5eb5587f7f3fec5247da71","Драники картофельные с фаршем на сковороде","1","1","1000menu","0.832","1","1","1","false","BLOCKED_CLUSTER_CONFIDENCE"
"dcluster_24936012d1f1249d544a07c1","Картофельные драники на сковороде с яйцом","1","1","1000menu","0.866286","1","1","1","false","BLOCKED_CLUSTER_CONFIDENCE"
"dcluster_aec0b7b7b04fe34522468c3e","Драники картофельные с луком","1","1","1000menu","0.858667","1","1","1","false","BLOCKED_CLUSTER_CONFIDENCE"
"dcluster_970f5db94f8cc8a99691e1c7","Драники в духовке картофельные","1","1","1000menu","0.892","1","1","1","false","BLOCKED_CLUSTER_CONFIDENCE"
"dcluster_370a8168077eba3256e9c70a","Фарш с сыром вкусно и просто","1","1","1000menu","0.820571","1","1","1","false","BLOCKED_CLUSTER_CONFIDENCE"
"dcluster_399ae846451d259a7329121b","Бифштекс из фарша говядины на сковороде","1","1","1000menu","0.866286","1","1","1","false","BLOCKED_CLUSTER_CONFIDENCE"
"dcluster_830d2b767f4b326cdea286e5","Котлеты из куриного фарша на сковороде","1","1","1000menu","0.858667","1","1","1","false","BLOCKED_CLUSTER_CONFIDENCE"
"dcluster_580326a48be85dc3e24d3ce0","Фарш с сыром на сковороде","1","1","1000menu","0.872","1","1","1","false","BLOCKED_CLUSTER_CONFIDENCE"
"dcluster_7f8f6c1cd55867d2952249d7","Люля кебаб на сковороде в домашних условиях из фарша","1","1","1000menu","0.832","1","1","1","false","BLOCKED_CLUSTER_CONFIDENCE"
"dcluster_05348a70d927c231b8c7ac56","Фарш тушеный на сковороде","1","1","1000menu","0.840889","1","1","1","false","BLOCKED_CLUSTER_CONFIDENCE"
"dcluster_44d5758a851289561c8d05c2","Ленивые голубцы с рисом капустой и фаршем в кастрюле","1","1","1000menu","0.945333","1","1","1","false","BLOCKED_CLUSTER_CONFIDENCE"
"dcluster_1eb303320ad5584d28009f05","Голубцы классические в кастрюле","1","1","1000menu","0.866286","1","1","1","false","BLOCKED_CLUSTER_CONFIDENCE"
"dcluster_b3ac265d67f4586ca65b7a59","Ленивые голубцы с фаршем на сковороде с рисом","1","1","1000menu","0.94","1","1","1","false","BLOCKED_CLUSTER_CONFIDENCE"
"dcluster_2056ca8c330a345692660a0d","Классическая долма в виноградных листьях в кастрюле","1","1","1000menu","0.823111","1","1","1","false","BLOCKED_CLUSTER_CONFIDENCE"
"dcluster_e9e83582e2e8010166a18307","Очень ленивые голубцы с капустой рисом на сковороде","1","1","1000menu","0.877714","1","1","1","false","BLOCKED_CLUSTER_CONFIDENCE"
"dcluster_7e2088bd88105b42d722aca6","Ленивые голубцы с фаршем капустой и рисом в духовке","1","1","1000menu","0.905333","1","1","1","false","BLOCKED_CLUSTER_CONFIDENCE"
"dcluster_790552f52b60884d00644173","Гречка с луком и морковью на сковороде","1","1","1000menu","0.866286","1","1","1","false","BLOCKED_CLUSTER_CONFIDENCE"
"dcluster_774af50bb237bee241b7157f","Гречка с яйцом","1","1","1000menu","0.832","1","1","1","false","BLOCKED_CLUSTER_CONFIDENCE"
"dcluster_d526f4ecacd2fb418fd6611f","Гречка с тушенкой на сковороде","2","2","1000menu|iamcook","0.893455","1","1","1","true","PRODUCT_SELECTION_PENDING"
"dcluster_f908c77d86f27f956d23a0f6","ПП Каша гречневая рассыпчатая на воде в кастрюле","1","1","1000menu","0.792","1","1","1","false","BLOCKED_CLUSTER_CONFIDENCE"
"dcluster_b3b5c7896ab654e60e70c45f","Каша гречневая с мясом","1","1","1000menu","0.858667","1","1","1","false","BLOCKED_CLUSTER_CONFIDENCE"
"dcluster_8daf099977064143ef2a90e5","Гречневая каша с грибами и луком","1","1","1000menu","0.843429","1","1","1","false","BLOCKED_CLUSTER_CONFIDENCE"
"dcluster_4dfb3a295b38aabe70563a0c","Картошка с мясом по французски в духовке","1","1","1000menu","0.900889","1","1","1","false","BLOCKED_CLUSTER_CONFIDENCE"
"dcluster_f9f4fbe49dd8b80cf45d09ed","Фрикадельки с картошкой со сметаной в духовке","1","1","1000menu","0.918667","1","1","1","false","BLOCKED_CLUSTER_CONFIDENCE"
"dcluster_359195a8ab930e398386aeac","Свинина по французски с картофелем и сыром в духовке","1","1","1000menu","0.926286","1","1","1","false","BLOCKED_CLUSTER_CONFIDENCE"
"dcluster_0e81aa89ce811a278385dab2","Картошка в кожуре в духовке","1","1","1000menu","0.908","1","1","1","false","BLOCKED_CLUSTER_CONFIDENCE"
"dcluster_9ed276fb02fcaa3f26e94927","Жаркое из свинины с картошкой","1","1","1000menu","0.936444","1","1","1","false","BLOCKED_CLUSTER_CONFIDENCE"
"dcluster_ff7e814025faedd666f167db","Мусака с баклажанами и картофелем и фаршем в духовке","1","1","1000menu","0.909778","1","1","1","false","BLOCKED_CLUSTER_CONFIDENCE"
"dcluster_c81f7d980b9eb726bbd21bb7","Сочные котлеты из фарша классические на сковороде","1","1","1000menu","0.852","1","1","1","false","BLOCKED_CLUSTER_CONFIDENCE"
"dcluster_dee30d212ed619dffc49d6e1","Куриные котлеты на сковороде","2","2","1000menu|iamcook","0.869143","1","1","1","true","PRODUCT_SELECTION_PENDING"
"dcluster_f80750499219fc2bf183a313","Как жарить замороженные котлеты","1","1","1000menu","0.912","1","1","1","false","BLOCKED_CLUSTER_CONFIDENCE"
"dcluster_193310c2c9a328dec30ecbd2","Котлеты в аэрогриле","1","1","1000menu","0.912","1","1","1","false","BLOCKED_CLUSTER_CONFIDENCE"
"dcluster_506b4db87ef0cb4b29aa877d","Котлеты из мясного фарша в духовке","1","1","1000menu","0.924","1","1","1","false","BLOCKED_CLUSTER_CONFIDENCE"
"dcluster_b4cab322fc81683907f5ab85","Котлеты для бургеров из фарша","1","1","1000menu","0.832","1","1","1","false","BLOCKED_CLUSTER_CONFIDENCE"
"dcluster_72b2048007e41b6e60a96537","Сочные куриные грудки в духовке","1","1","1000menu","0.865333","1","1","1","false","BLOCKED_CLUSTER_CONFIDENCE"
"dcluster_8c521f996b1e8844f530ff12","Жульен с курицей и грибами в духовке","2","2","1000menu|russianfood","0.881143","1","1","1","true","PRODUCT_SELECTION_PENDING"
"dcluster_a86b49f110a4c6f08c042b6a","Хрустящая курица на соли запеченная в духовке целиком","1","1","1000menu","0.972","1","1","1","false","BLOCKED_CLUSTER_CONFIDENCE"
"dcluster_7bede3a6b3b7ae135b46a4d7","Курица кусочками в духовке","1","1","1000menu","0.926286","1","1","1","false","BLOCKED_CLUSTER_CONFIDENCE"
"dcluster_a9fd3036f18a562a2ce6112c","Сочные котлеты из куриного фарша в духовке на противне","1","1","1000menu","0.892","1","1","1","false","BLOCKED_CLUSTER_CONFIDENCE"
"dcluster_7db1f5d559ce491949935e92","Рис с курицей в духовке","1","1","1000menu","0.883111","1","1","1","false","BLOCKED_CLUSTER_CONFIDENCE"
"dcluster_a03fd02f1fae269eba7786c7","Омлет с молоком на сковороде пышный","1","1","1000menu","0.872","1","1","1","false","BLOCKED_CLUSTER_CONFIDENCE"
"dcluster_e8c736def0d4657e9d0fc213","Творог с яйцом на сковороде","1","1","1000menu","0.820571","1","1","1","false","BLOCKED_CLUSTER_CONFIDENCE"
"dcluster_162345de73ebeb10ccecf562","Омлет в духовке с молоком пышный как в детском саду","1","1","1000menu","0.908","1","1","1","false","BLOCKED_CLUSTER_CONFIDENCE"
"dcluster_f56bdfce184d826f0612295b","Омлет на кефире на сковороде","2","2","1000menu|russianfood","0.790666","1","1","1","true","PRODUCT_SELECTION_PENDING"
"dcluster_2b9c913194564f4490b357ff","Пышный омлет в аэрогриле с молоком","1","1","1000menu","0.872","1","1","1","false","BLOCKED_CLUSTER_CONFIDENCE"
"dcluster_636cca981cc3937a7a7e5a01","Омлет матушки Пуляр","1","1","1000menu","0.816","1","1","1","false","BLOCKED_CLUSTER_CONFIDENCE"
"dcluster_971778a48be1bbc7e644a360","Овсяная каша с бананом","1","1","1000menu","0.832","1","1","1","false","BLOCKED_CLUSTER_CONFIDENCE"
"dcluster_b7070b83fbcb47a2912b880b","Овсяная каша в мультиварке на молоке","1","1","1000menu","0.848","1","1","1","false","BLOCKED_CLUSTER_CONFIDENCE"
"dcluster_80ec2acde67418f1ffe2f0a3","Овсяная каша с сыром","1","1","1000menu","0.894222","1","1","1","false","BLOCKED_CLUSTER_CONFIDENCE"
"dcluster_01d6450f002bb750402c6ad5","Каша из овсяных хлопьев на молоке","1","1","1000menu","0.848","1","1","1","false","BLOCKED_CLUSTER_CONFIDENCE"
"dcluster_42f6cf35426d4c95ad9d3668","Овсяная каша на воде и молоке","1","1","1000menu","0.820571","1","1","1","false","BLOCKED_CLUSTER_CONFIDENCE"
"dcluster_8012fde839e597436338fef4","Овсяная каша с мёдом","1","1","1000menu","0.88","1","1","1","false","BLOCKED_CLUSTER_CONFIDENCE"
"dcluster_8897509daf7786148776f7dc","Плов из свинины в кастрюле на плите рассыпчатый","1","1","1000menu","0.848","1","1","1","false","BLOCKED_CLUSTER_CONFIDENCE"
"dcluster_e34edd165ef73680fc6d9805","Ароматный рассыпчатый плов с курицей на сковороде","1","1","1000menu","0.840889","1","1","1","false","BLOCKED_CLUSTER_CONFIDENCE"
"dcluster_774de150f88158f527525421","Плов в афганском казане на плите","1","1","1000menu","0.823111","1","1","1","false","BLOCKED_CLUSTER_CONFIDENCE"
"dcluster_6b3d7e91ad9b454584a7253e","Плов в казане из говядины на плите","1","1","1000menu","0.864","1","1","1","false","BLOCKED_CLUSTER_CONFIDENCE"
"dcluster_6ddeeefea8429efdc7b73c14","Плов из свинины в казане на костре","1","1","1000menu","0.832","1","1","1","false","BLOCKED_CLUSTER_CONFIDENCE"
"dcluster_6664e43415d12bbaee7c815b","Плов со свининой в мультиварке","1","1","1000menu","0.872","1","1","1","false","BLOCKED_CLUSTER_CONFIDENCE"
"dcluster_c60710898d5e1588c9c82909","Салат капуста с уксусом и маслом","1","1","1000menu","0.872","1","1","1","false","BLOCKED_CLUSTER_CONFIDENCE"
"dcluster_9dd458f6fa738eb25b67f6cb","Салат кукуруза огурец яйцо майонез","1","1","1000menu","0.858667","1","1","1","false","BLOCKED_CLUSTER_CONFIDENCE"
"dcluster_6416705c2375d3a3e0c4e754","Салат из моркови как в столовой","1","1","1000menu","0.832","1","1","1","false","BLOCKED_CLUSTER_CONFIDENCE"
"dcluster_cef83236f27ffffb599785f0","Салат с капустой и яблоком","1","1","1000menu","0.866286","1","1","1","false","BLOCKED_CLUSTER_CONFIDENCE"
"dcluster_e5bcf56033721c28aac6213d","Салат витаминный из капусты и моркови и яблока без уксуса","1","1","1000menu","0.864","1","1","1","false","BLOCKED_CLUSTER_CONFIDENCE"
"dcluster_ba837d3e66ae7e81022cb185","Cалат корейская морковь курица","1","1","1000menu","0.866286","1","1","1","false","BLOCKED_CLUSTER_CONFIDENCE"
"dcluster_58863be9b2ffce1cc688d2ca","Салат с ананасом и курицей и сыром с чесноком","1","1","1000menu","0.858667","1","1","1","false","BLOCKED_CLUSTER_CONFIDENCE"
"dcluster_6bfb0ec73b4bbf7eb079ab7b","Салат Генеральский классический с курицей","1","1","1000menu","0.912","1","1","1","false","BLOCKED_CLUSTER_CONFIDENCE"
"dcluster_c61d12cddf825f098ab34b98","Салат Мужские слезы с курицей грибами и корейской морковью","1","1","1000menu","0.892","1","1","1","false","BLOCKED_CLUSTER_CONFIDENCE"
"dcluster_087e4b1e5dec827e9aaa9398","Салат Тиффани с виноградом и курицей","1","1","1000menu","0.892","1","1","1","false","BLOCKED_CLUSTER_CONFIDENCE"
"dcluster_887108b3eef32407652f0a38","Салат с жареной курицей","1","1","1000menu","0.876444","1","1","1","false","BLOCKED_CLUSTER_CONFIDENCE"
"dcluster_43a4dd79c8007ab4ce5fed2c","Тыквенный суп пюре классический из тыквы со сливками","1","1","1000menu","0.864","1","1","1","false","BLOCKED_CLUSTER_CONFIDENCE"
"dcluster_5dd8ffa84d1986a76eb214e6","Крем суп из тыквы со сливками","1","1","1000menu","0.889143","1","1","1","false","BLOCKED_CLUSTER_CONFIDENCE"
"dcluster_34fda25d3da2d6461eec9019","Сырный крем суп","1","1","1000menu","0.866286","1","1","1","false","BLOCKED_CLUSTER_CONFIDENCE"
"dcluster_b2ffa5cdf407db88bf2daaf5","ПП суп-пюре из брокколи","1","1","1000menu","0.88","1","1","1","false","BLOCKED_CLUSTER_CONFIDENCE"
"dcluster_a439fc4bd761700686411b26","Суп-крем из кабачков со сливками","1","1","1000menu","0.858667","1","1","1","false","BLOCKED_CLUSTER_CONFIDENCE"
"dcluster_a12ca611d82664f0d24c633d","Тыквенный суп пюре с креветками","1","1","1000menu","0.864","1","1","1","false","BLOCKED_CLUSTER_CONFIDENCE"
"dcluster_8ce70905962a81210b3c3997","Рассольник классический с перловкой и солеными огурцами","1","1","1000menu","0.892","1","1","1","false","BLOCKED_CLUSTER_CONFIDENCE"
"dcluster_6bd98c775e3965e54d46e7ad","Солянка с капустой и грибами на зиму в банки","1","1","1000menu","0.882909","1","1","1","false","BLOCKED_CLUSTER_CONFIDENCE"
"dcluster_31e24ea67b4d0437a5315d23","Солянка сборная мясная классическая","2","2","1000menu|russianfood","0.825579","1","1","1","false","BLOCKED_INGREDIENT_IDENTITY"
"dcluster_d0e8ab0a79bfc2867fa24521","Шурпа в казане на костре из говядины","1","1","1000menu","0.843429","1","1","1","false","BLOCKED_CLUSTER_CONFIDENCE"
"dcluster_f9eabc7852d77e7400756310","Костный говяжий бульон","1","1","1000menu","0.922769","1","1","1","false","BLOCKED_CLUSTER_CONFIDENCE"
"dcluster_d3973208bdc18f31a797afb3","Классический борщ с мясом говядины и свинины","1","1","1000menu","0.943765","1","1","1","false","BLOCKED_CLUSTER_CONFIDENCE"
"dcluster_6e5245d7ad0ff5db0075c6bb","Творожная запеканка с манкой и сметаной","6","2","1000menu|russianfood","0.925905","1","1","1","true","BLOCKED_CONFLICT"
"dcluster_c6827c661356506860bb6aad","Творожная запеканка ПП без муки и манки в духовке","1","1","1000menu","0.932","1","1","1","false","BLOCKED_CLUSTER_CONFIDENCE"
"dcluster_303bb91517114191317262fb","Классическая запеканка из творога с изюмом в духовке","1","1","1000menu","0.954222","1","1","1","false","BLOCKED_CLUSTER_CONFIDENCE"
"dcluster_3209fedecc0969295b2e056c","Творожно тыквенная запеканка в духовке","1","1","1000menu","0.972","1","1","1","false","BLOCKED_CLUSTER_CONFIDENCE"
"dcluster_dadf7d727e36e9dc6b626352","Запеканка из кабачков с фаршем в духовке","2","2","1000menu|russianfood","0.851949","1","1","1","false","BLOCKED_CONFLICT"
"dcluster_a6ae894cad5e3444433820c5","Запеканка из кабачков и помидоров с сыром в духовке","1","1","1000menu","0.926286","1","1","1","false","BLOCKED_CLUSTER_CONFIDENCE"
"dcluster_86c92c58525c10c6fd4dfa8e","Запеканка из яиц в духовке","1","1","1000menu","0.908","1","1","1","false","BLOCKED_CLUSTER_CONFIDENCE"
"dcluster_2706f0ed1b66610991958155","Запеканка картофель с фаршем и помидорами в духовке","1","1","1000menu","0.924","1","1","1","false","BLOCKED_CLUSTER_CONFIDENCE"
"dcluster_affd753d4a15e87b534e90e6","Простая запеканка из яиц в духовке с сыром","2","2","1000menu|iamcook","0.930667","1","1","1","false","BLOCKED_INGREDIENT_IDENTITY"
"dcluster_debfa1e7f6da282a21155820","Каша пшенная в кастрюле на молоке","6","2","1000menu|russianfood","0.862317","1","1","1","true","BLOCKED_CONFLICT"
"dcluster_e664b698b1925410a7658355","Гречка по-купечески с фаршем","1","1","iamcook","0.843429","1","1","1","false","BLOCKED_CLUSTER_CONFIDENCE"
"dcluster_373bb4326fab32d1fd0f4cf4","Сырники без яиц с манкой","6","2","iamcook|russianfood","0.764476","1","1","1","true","PRODUCT_SELECTION_PENDING"
"dcluster_12afa6ee6073628cbde23297","Омлет как в детском саду","1","1","iamcook","0.892","1","1","1","false","BLOCKED_CLUSTER_CONFIDENCE"
"dcluster_f6bbed3cbfbf08e1cf20eb5d","Кольца кальмара в кляре","1","1","iamcook","0.866286","1","1","1","false","BLOCKED_CLUSTER_CONFIDENCE"
"dcluster_2c7a97bd8d3d6cebd333ce91","Котлеты «Школьные»","1","1","iamcook","0.834857","1","1","1","false","BLOCKED_CLUSTER_CONFIDENCE"
"dcluster_90f6ca915915b4045ded54f7","Гречка с овощами в духовке","1","1","iamcook","0.94","1","1","1","false","BLOCKED_CLUSTER_CONFIDENCE"
"dcluster_7f8a3c5cbd2cf72b64264e79","Пышные сырники с манкой","5","2","iamcook|russianfood","0.841334","1","1","1","true","PRODUCT_SELECTION_PENDING"
"dcluster_4c3f236618046a3c8c5173be","Испанский омлет «Tortilla De Patatas»","1","1","iamcook","0.913818","1","1","1","false","BLOCKED_CLUSTER_CONFIDENCE"
"dcluster_7d346ca97c5822590f532ff4","Кальмары по-китайски","1","1","iamcook","0.848","1","1","1","false","BLOCKED_CLUSTER_CONFIDENCE"
"dcluster_8dac56c4e1cdb419dd2e2dca","Куриные котлеты для детей","1","1","iamcook","0.918667","1","1","1","false","BLOCKED_CLUSTER_CONFIDENCE"
"dcluster_8f18d9da61a457b0dfa6bccb","Гречка по-купечески в мультиварке с курицей","1","1","iamcook","0.894222","1","1","1","false","BLOCKED_CLUSTER_CONFIDENCE"
"dcluster_ac20f06d879375dcfc73f621","Французский омлет с кабачками","1","1","iamcook","0.832","1","1","1","false","BLOCKED_CLUSTER_CONFIDENCE"
"dcluster_e42b45eb3ef9669c22caff0f","Паста с кальмарами и болгарским перцем","1","1","iamcook","0.894222","1","1","1","false","BLOCKED_CLUSTER_CONFIDENCE"
"dcluster_597722fb3d0fc638d2f07a2c","Котлеты из кабачков","1","1","iamcook","0.838154","1","1","1","false","BLOCKED_CLUSTER_CONFIDENCE"
"dcluster_d522457cb23797cc07bb6210","Куриное филе с гречкой в духовке","1","1","iamcook","0.932","1","1","1","false","BLOCKED_CLUSTER_CONFIDENCE"
"dcluster_f6140593b467f44418c5de2b","Омлет с мексиканской овощной смесью","1","1","iamcook","0.88","1","1","1","false","BLOCKED_CLUSTER_CONFIDENCE"
"dcluster_960e48defa2a158392f873a4","Кальмар-гриль по-корейски (ojingeo tonggui)","1","1","iamcook","0.848","1","1","1","false","BLOCKED_CLUSTER_CONFIDENCE"
"dcluster_98b848b20e33248eaca05f9e","Морковные котлеты как в детском саду","1","1","iamcook","0.932","1","1","1","false","BLOCKED_CLUSTER_CONFIDENCE"
"dcluster_27f6e7b2cc5fd60bf60bdc19","Гречка с куриным филе в мультиварке","1","1","iamcook","0.832","1","1","1","false","BLOCKED_CLUSTER_CONFIDENCE"
"dcluster_14b72218db9b4dfc636e987b","Сырники с изюмом в духовке","1","1","iamcook","0.94","1","1","1","false","BLOCKED_CLUSTER_CONFIDENCE"
"dcluster_3a8843975464d207365ff635","Мидии в сливочно-чесночном соусе","1","1","iamcook","0.843429","1","1","1","false","BLOCKED_CLUSTER_CONFIDENCE"
"dcluster_31fefa5cbee0b8b674c17650","Вегетарианские котлеты из нута","1","1","iamcook","0.882909","1","1","1","false","BLOCKED_CLUSTER_CONFIDENCE"
"dcluster_0583b143d808a1483bdae827","Куриные ножки с гречкой в духовке","1","1","iamcook","0.952","1","1","1","false","BLOCKED_CLUSTER_CONFIDENCE"
"dcluster_93eeaa0ceb90977a0778ae80","Сырники в силиконовой форме (в духовке)","1","1","iamcook","0.972","1","1","1","false","BLOCKED_CLUSTER_CONFIDENCE"
"dcluster_52c1769970256c19826ad46a","Омлет Пуляр","1","1","iamcook","0.858667","1","1","1","false","BLOCKED_CLUSTER_CONFIDENCE"
"dcluster_13caba198954192b4cfe8245","Кальмары фаршированные рисом и яйцом","1","1","iamcook","0.866286","1","1","1","false","BLOCKED_CLUSTER_CONFIDENCE"
"dcluster_16eb3f370711ead01519b8a2","Котлеты из чечевицы (постные)","1","1","iamcook","0.772","1","1","1","false","BLOCKED_CLUSTER_CONFIDENCE"
"dcluster_4038717bb6c248c908d63952","Постные котлеты из гречки с грибами","1","1","iamcook","0.912","1","1","1","false","BLOCKED_CLUSTER_CONFIDENCE"
"dcluster_9fdc015e273d8bf45d0f508f","Диетические сырники с бананом без муки и сахара в духовке (ПП)","1","1","iamcook","0.972","1","1","1","false","BLOCKED_CLUSTER_CONFIDENCE"
"dcluster_1e8d9e3d7a164fa68828460f","Омлет со шпинатом и зеленым горошком","1","1","iamcook","0.866286","1","1","1","false","BLOCKED_CLUSTER_CONFIDENCE"
"dcluster_8518026c05e2a8abcab05e76","Жюльен с креветками","1","1","iamcook","0.812","1","1","1","false","BLOCKED_CLUSTER_CONFIDENCE"
"dcluster_3de347e823f55b1709dbff5b","Котлеты из филе индейки в духовке","1","1","iamcook","0.932","1","1","1","false","BLOCKED_CLUSTER_CONFIDENCE"
"dcluster_094793bdb065d646eba1dfe1","Гречка с куриным филе","1","1","iamcook","0.866286","1","1","1","false","BLOCKED_CLUSTER_CONFIDENCE"
"dcluster_8647c1537155cda325a31d6b","Сырники клубничные","1","1","iamcook","0.823111","1","1","1","false","BLOCKED_CLUSTER_CONFIDENCE"
"dcluster_511846cd02d8f9bde71935dc","Керан мари (корейский омлет)","1","1","iamcook","0.912","1","1","1","false","BLOCKED_CLUSTER_CONFIDENCE"
"dcluster_829d91f1856ec28ced19a8f0","Запеченные роллы с крабовыми палочками","1","1","iamcook","0.839273","1","1","1","false","BLOCKED_CLUSTER_CONFIDENCE"
"dcluster_0167ef27b9d862f1c7c61029","Сырники с кукурузной мукой","1","1","iamcook","0.912","1","1","1","false","BLOCKED_CLUSTER_CONFIDENCE"
"dcluster_f8e18cb683cc61796e7f0b37","Омлет с бататом","2","2","iamcook|russianfood","0.824","1","1","1","false","BLOCKED_INGREDIENT_IDENTITY"
"dcluster_1e108605894281026ae36af7","Фунчоза с креветками","1","1","iamcook","0.912","1","1","1","false","BLOCKED_CLUSTER_CONFIDENCE"
"dcluster_a9c777a0c3bc5c4ee388dd9a","Котлеты из тыквы","1","1","iamcook","0.870182","1","1","1","false","BLOCKED_CLUSTER_CONFIDENCE"
"dcluster_57f8ccd805414b080d42da13","Гречка с кефиром для похудения","1","1","iamcook","0.912","1","1","1","false","BLOCKED_CLUSTER_CONFIDENCE"
"dcluster_14cd185667d67e975bb432ea","Сырники с зеленью","1","1","iamcook","0.769778","1","1","1","false","BLOCKED_CLUSTER_CONFIDENCE"
"dcluster_14016952e151b798542a932c","Яичная запеканка как в детском саду","1","1","iamcook","0.94","1","1","1","false","BLOCKED_CLUSTER_CONFIDENCE"
"dcluster_c637e3df11a7e8d4ccbc1c7a","Кальмары в сметанном соусе","1","1","iamcook","0.866286","1","1","1","false","BLOCKED_CLUSTER_CONFIDENCE"
"dcluster_7c3edb517b830dcce2e359b3","Котлеты из консервы сайры с рисом","1","1","iamcook","0.839273","1","1","1","false","BLOCKED_CLUSTER_CONFIDENCE"
"dcluster_e29f51359c0a6ff9a5f909f2","Гречка с говядиной в духовке","1","1","iamcook","0.942909","1","1","1","false","BLOCKED_CLUSTER_CONFIDENCE"
"dcluster_4c0498ac8802df9b641c568f","Запеканка из цветной капусты с ветчиной","1","1","iamcook","0.924","1","1","1","false","BLOCKED_CLUSTER_CONFIDENCE"
"dcluster_e2e9403f907cd41f8c378116","Кальмары в сливочном соусе","1","1","iamcook","0.866286","1","1","1","false","BLOCKED_CLUSTER_CONFIDENCE"
"dcluster_7292ee43f37c706b9d93883d","Котлеты рубленые из куриной грудки с майонезом","1","1","iamcook","0.866286","1","1","1","false","BLOCKED_CLUSTER_CONFIDENCE"
"dcluster_4b82c2e28984cd05e1eefa93","Гречка с тыквой","1","1","iamcook","0.824727","1","1","1","false","BLOCKED_CLUSTER_CONFIDENCE"
"dcluster_175c110ab1ac68cef5ecaae7","Сырники из творожной массы с изюмом","1","1","iamcook","0.912","1","1","1","false","BLOCKED_CLUSTER_CONFIDENCE"
"dcluster_aaf25cb9d957c580b49ba4cc","Рулет из сырного омлета с начинкой","1","1","iamcook","0.908","1","1","1","false","BLOCKED_CLUSTER_CONFIDENCE"
"dcluster_bb54e5bf9178ba0bac5b4530","Жареные креветки в кокосовой стружке","1","1","iamcook","0.852","1","1","1","false","BLOCKED_CLUSTER_CONFIDENCE"
"dcluster_3c66ff333651aea64a35a858","Запеченная рыба по-гречески, под соусом из помидоров","1","1","russianfood","0.792","1","1","1","false","BLOCKED_CLUSTER_CONFIDENCE"
"dcluster_c66635baf304cc16d3f006c2","Омлет на молоке","1","1","russianfood","0.732","1","1","1","false","BLOCKED_CLUSTER_CONFIDENCE"
"dcluster_80d30585e9a3744c3caeab7e","Яичные конвертики с сыром и ветчиной","1","1","russianfood","0.743429","1","1","1","false","BLOCKED_CLUSTER_CONFIDENCE"
"dcluster_4c0c6a8625427683fa5b7db6","Тосканский суп с фаршем","1","1","russianfood","0.726667","1","1","1","false","BLOCKED_CLUSTER_CONFIDENCE"
"dcluster_4a3f96459174e77495c61264","Минтай, тушенный в сметане","1","1","russianfood","0.723111","1","1","1","false","BLOCKED_CLUSTER_CONFIDENCE"
"dcluster_e7315bc7980014735e2d344a","Омлет классический","1","1","russianfood","0.812","1","1","1","false","BLOCKED_CLUSTER_CONFIDENCE"
"dcluster_b058e889bb37f1994df18f63","Яичный конвертик с сыром","1","1","russianfood","0.697714","1","1","1","false","BLOCKED_CLUSTER_CONFIDENCE"
"dcluster_f6b6d83aa0375dcb67fd3282","Суп «Харчо»","1","1","russianfood","0.764","1","1","1","false","BLOCKED_CLUSTER_CONFIDENCE"
"dcluster_bac7e3f191dd64bdb7b3b663","Рыба, запечённая с картошкой в духовке","1","1","russianfood","0.760696","1","1","1","false","BLOCKED_CLUSTER_CONFIDENCE"
"dcluster_8463bc6e63c1ad715d832179","Буберт","1","1","russianfood","0.743429","1","1","1","false","BLOCKED_CLUSTER_CONFIDENCE"
"dcluster_ac89c0a2a820db20c02540ff","Запеканка мясная ""Сытная""","1","1","russianfood","0.824","1","1","1","false","BLOCKED_CLUSTER_CONFIDENCE"
"dcluster_88484c05acd09c1a82e83d8a","Омлет смешанный","1","1","russianfood","0.748","1","1","1","false","BLOCKED_CLUSTER_CONFIDENCE"
"dcluster_e85af217e36caeea8131dbdb","Чирбули (яичница по-грузински)","1","1","russianfood","0.732","1","1","1","false","BLOCKED_CLUSTER_CONFIDENCE"
"dcluster_bf2f9208455db3d21b69a99d","Сырный суп с копчёными колбасками, картофелем и рисом","1","1","russianfood","0.743429","1","1","1","false","BLOCKED_CLUSTER_CONFIDENCE"
"dcluster_052a4ed24537540dc760f919","Рыбное филе в сырном кляре","1","1","russianfood","0.732","1","1","1","false","BLOCKED_CLUSTER_CONFIDENCE"
"dcluster_6bc490a33aa670f398ca6886","Сырники классические","1","1","russianfood","0.758667","1","1","1","false","BLOCKED_CLUSTER_CONFIDENCE"
"dcluster_59229de85a289034e14c5d09","Рис с баклажанами","1","1","russianfood","0.732","1","1","1","false","BLOCKED_CLUSTER_CONFIDENCE"
"dcluster_1333539fc586ced1ccaa15be","Шулюм из говядины с овощами","1","1","russianfood","0.716","1","1","1","false","BLOCKED_CLUSTER_CONFIDENCE"
"dcluster_35cfc33ac7dd6a0d58ba7e16","Минтай, тушенный в молочно-чесночном соусе","1","1","russianfood","0.740889","1","1","1","false","BLOCKED_CLUSTER_CONFIDENCE"
"dcluster_4b9d165eb1c467dbb14a7a85","Пшённые биточки с грибами","1","1","russianfood","0.720571","1","1","1","false","BLOCKED_CLUSTER_CONFIDENCE"
"dcluster_bc1b29534a7dc4e6bf1a6ebd","Картофельная запеканка с фаршем и сыром","1","1","russianfood","0.829333","1","1","1","false","BLOCKED_CLUSTER_CONFIDENCE"
"dcluster_0212345accaed2391ea80cb0","Ленивая пицца на сковороде, с помидорами, сыром и яичницей","1","1","russianfood","0.682","1","1","1","false","BLOCKED_CLUSTER_CONFIDENCE"
"dcluster_7f12614fc0d209cac3cfe082","Суп-гуляш с фасолью","1","1","russianfood","0.713538","1","1","1","false","BLOCKED_CLUSTER_CONFIDENCE"
"dcluster_ffdcefcc8e9ae3f2487ad3cb","Минтай, запечённый с брокколи и сливочно-сырным соусом","1","1","russianfood","0.808","1","1","1","false","BLOCKED_CLUSTER_CONFIDENCE"
"dcluster_72062b8c8d51f561db003879","Гречневая каша с капустой и яйцами (в духовке)","1","1","russianfood","0.84","1","1","1","false","BLOCKED_CLUSTER_CONFIDENCE"
"dcluster_73ef9e5f955b16d54f1dbfe1","Запеканка из макарон с курицей и помидорами","1","1","russianfood","0.808","1","1","1","false","BLOCKED_CLUSTER_CONFIDENCE"
"dcluster_8cfb365feb4ed73da6889b8b","Омлет с колбасой, сыром и зелёным луком","1","1","russianfood","0.776444","1","1","1","false","BLOCKED_CLUSTER_CONFIDENCE"
"dcluster_b32c2794785f90eb6ff77ab5","Гренки с яйцом","1","1","russianfood","0.748","1","1","1","false","BLOCKED_CLUSTER_CONFIDENCE"
"dcluster_630122ba6393789275374333","Куриный суп с лапшой удон и варёными яйцами","1","1","russianfood","0.762769","1","1","1","false","BLOCKED_CLUSTER_CONFIDENCE"
"dcluster_6a86ac8247d358a079469702","Каша ""Монастырская""","1","1","russianfood","0.776444","1","1","1","false","BLOCKED_CLUSTER_CONFIDENCE"
"dcluster_364eb6b77136204f6721a607","Легкая запеканка из кабачков","1","1","russianfood","0.824","1","1","1","false","BLOCKED_CLUSTER_CONFIDENCE"
"dcluster_9ddf2cbefd4b582529419622","Омлет ""Вкус настоящего детства"" (в духовке)","1","1","russianfood","0.832","1","1","1","false","BLOCKED_CLUSTER_CONFIDENCE"
"dcluster_82f87c108fcb59229bf95412","Макароны с луком и яйцом в томатном соусе (на сковороде)","1","1","russianfood","0.705333","1","1","1","false","BLOCKED_CLUSTER_CONFIDENCE"
"dcluster_ae717ff5f969c5c612f6b5ea","Суп мампар","1","1","russianfood","0.767556","1","1","1","false","BLOCKED_CLUSTER_CONFIDENCE"
"dcluster_b0af572be3bdd3593a80d641","Рыба в кабачке","1","1","russianfood","0.761231","1","1","1","false","BLOCKED_CLUSTER_CONFIDENCE"
"dcluster_1f91b9ae7d984a7701e0acf7","Тортилья (картофельная запеканка по-испански)","1","1","russianfood","0.758667","1","1","1","false","BLOCKED_CLUSTER_CONFIDENCE"
"dcluster_c379e41be3f2a59b19b77552","Быстрый рыбный пирог","1","1","russianfood","0.818667","1","1","1","false","BLOCKED_CLUSTER_CONFIDENCE"
"dcluster_b50b5b72b81e671c45b8cafa","Сырники на завтрак","1","1","russianfood","0.812","1","1","1","false","BLOCKED_CLUSTER_CONFIDENCE"
"dcluster_d6b01a0cec993344cc7eb686","Запеканка из картофеля и мясного фарша","1","1","russianfood","0.723111","1","1","1","false","BLOCKED_CLUSTER_CONFIDENCE"
"dcluster_99b98ea88a6c1f9599c7540c","Шакшука","1","1","russianfood","0.752","1","1","1","false","BLOCKED_CLUSTER_CONFIDENCE"
"dcluster_e5e38f802601e30108c18851","Куриный суп с клёцками","1","1","russianfood","0.758667","1","1","1","false","BLOCKED_CLUSTER_CONFIDENCE"
"dcluster_08cc2fb507bbb6fab3b4a0a4","Айсбайн","1","1","wikibooks","0.812","1","1","1","false","BLOCKED_CLUSTER_CONFIDENCE"
"dcluster_8306d49c73918e31c29d1d4f","Английский крем","1","1","wikibooks","0.652","1","1","1","false","BLOCKED_CLUSTER_CONFIDENCE"
"dcluster_27e6292293c023030d07b738","Анко","1","1","wikibooks","0.705333","1","1","1","false","BLOCKED_CLUSTER_CONFIDENCE"
"dcluster_3d147a3f0d6a59d9c3c62c44","Аншуад","1","1","wikibooks","0.674857","1","1","1","false","BLOCKED_CLUSTER_CONFIDENCE"
"dcluster_b9bce6a36f4561edb8465f27","Арахисовое рагу","1","1","wikibooks","0.652","1","1","1","false","BLOCKED_CLUSTER_CONFIDENCE"
