normalizedIngredient,occurrences,sourceCount,resolutionState,candidateFamily,reason
"соль","197","4","PROCESS_INPUT","соль","process ingredient remains in accounting"
"растительное масло","86","4","PRODUCT_FAMILY_RESOLVED","растительное масло","corpus-backed identity family; concrete product selection remains pending"
"чеснок","81","5","EXACT_PRODUCT","чеснок","exact canonical product"
"морковь","71","5","EXACT_PRODUCT","морковь","exact canonical product"
"перец черный молотый","60","4","PRODUCT_FAMILY_RESOLVED","перец черный","generic identity resolved without arbitrary variant selection"
"яйца","59","3","EXACT_PRODUCT","яйца","exact canonical product"
"вода","57","5","PROCESS_INPUT","вода","non-purchased process medium"
"сахар","56","4","EXACT_PRODUCT","сахар","exact canonical product"
"молоко","54","5","PRODUCT_FAMILY_RESOLVED","молоко","generic identity resolved without arbitrary variant selection"
"сливочное масло","51","4","EXACT_PRODUCT","сливочное масло","exact canonical product"
"лук репчатый","50","4","FORM_EXPLICIT_PRODUCT","репчатый лук","exact accepted form-specific product"
"соль по вкусу","47","1","PROCESS_INPUT","соль","process ingredient remains in accounting"
"лук","41","4","PRODUCT_MISSING","","no accepted product or family evidence"
"масло растительное","41","2","PRODUCT_FAMILY_RESOLVED","растительное масло","corpus-backed identity family; concrete product selection remains pending"
"оливковое масло","35","4","EXACT_PRODUCT","оливковое масло","exact canonical product"
"сметана","34","4","PRODUCT_FAMILY_RESOLVED","сметана","generic identity resolved without arbitrary variant selection"
"репчатый лук","30","2","FORM_EXPLICIT_PRODUCT","репчатый лук","exact accepted form-specific product"
"мука","29","3","PRODUCT_FAMILY_RESOLVED","мука","corpus-backed identity family; concrete product selection remains pending"
"молотый черный перец по вкусу","28","1","PRODUCT_FAMILY_RESOLVED","черный перец","corpus-backed identity family; concrete product selection remains pending"
"помидоры","28","3","PRODUCT_FAMILY_RESOLVED","помидор","corpus-backed identity family; concrete product selection remains pending"
"картофель","25","3","EXACT_PRODUCT","картофель","exact canonical product"
"майонез","25","4","EXACT_PRODUCT","майонез","exact canonical product"
"куриное яйцо","23","2","FORM_EXPLICIT_PRODUCT","яйца","exact accepted form-specific product"
"творог","22","3","FORM_EXPLICIT_PRODUCT","творог","exact accepted form-specific product"
"пшеничная мука","21","2","PRODUCT_FAMILY_RESOLVED","пшеничная мука","corpus-backed identity family; concrete product selection remains pending"
"лавровый лист","20","4","PROCESS_INPUT","лавровый лист","process ingredient remains in accounting"
"картошка","19","1","SAFE_ALIAS","картофель","deterministic lexical alias"
"рис","19","5","EXACT_PRODUCT","рис","exact canonical product"
"специи сухие","19","2","PROCESS_INPUT","специи сухие","process ingredient remains in accounting"
"томатная паста","19","4","EXACT_PRODUCT","томатная паста","exact canonical product"
"яйцо","19","2","FORM_EXPLICIT_PRODUCT","яйца","exact accepted form-specific product"
"твердый сыр","18","3","PRODUCT_FAMILY_RESOLVED","твердый сыр","corpus-backed identity family; concrete product selection remains pending"
"фарш мясной","18","3","PRODUCT_FAMILY_RESOLVED","фарш мясной","corpus-backed identity family; concrete product selection remains pending"
"укроп","17","3","PRODUCT_FAMILY_RESOLVED","укроп","generic identity resolved without arbitrary variant selection"
"сыр твердый","16","2","PRODUCT_FAMILY_RESOLVED","сыр твердый","generic identity resolved without arbitrary variant selection"
"куриное филе","15","4","FORM_EXPLICIT_PRODUCT","грудка","exact accepted form-specific product"
"лимонный сок","15","3","PRODUCT_FAMILY_RESOLVED","лимонный сок","corpus-backed identity family; concrete product selection remains pending"
"яйцо куриное","15","2","PRODUCT_FAMILY_RESOLVED","яйцо","generic identity resolved without arbitrary variant selection"
"зелень","14","3","PROCESS_INPUT","зелень","process ingredient remains in accounting"
"панировочные сухари","13","2","PRODUCT_FAMILY_RESOLVED","панировочные сухари","corpus-backed identity family; concrete product selection remains pending"
"петрушка","13","4","EXACT_PRODUCT","петрушка","exact canonical product"
"","12","1","AMBIGUOUS","","multiple accepted products match exact wording"
"масло сливочное","12","2","PRODUCT_FAMILY_RESOLVED","масло сливочное","generic identity resolved without arbitrary variant selection"
"перец","12","2","PROCESS_INPUT","перец","process ingredient remains in accounting"
"тыква","12","4","EXACT_PRODUCT","тыква","exact canonical product"
"ванилин","11","4","PRODUCT_FAMILY_RESOLVED","ванилин","corpus-backed identity family; concrete product selection remains pending"
"гречка","11","2","EXACT_PRODUCT","гречка","exact canonical product"
"манка","11","3","PRODUCT_FAMILY_RESOLVED","манка","corpus-backed identity family; concrete product selection remains pending"
"горчица","10","3","EXACT_PRODUCT","горчица","exact canonical product"
"куриные яйца","10","2","PRODUCT_FAMILY_RESOLVED","яйца","generic identity resolved without arbitrary variant selection"
"соевый соус","10","3","EXACT_PRODUCT","соевый соус","exact canonical product"
"зеленый лук","9","3","EXACT_PRODUCT","зеленый лук","exact canonical product"
"сливки","9","4","PRODUCT_FAMILY_RESOLVED","сливки","generic identity resolved without arbitrary variant selection"
"говядина","8","3","PRODUCT_FAMILY_RESOLVED","говядина","generic identity resolved without arbitrary variant selection"
"капуста белокочанная","8","2","EXACT_PRODUCT","капуста белокочанная","exact canonical product"
"мед","8","4","EXACT_PRODUCT","мед","exact canonical product"
"огурцы","8","2","FORM_EXPLICIT_PRODUCT","огурец","exact accepted form-specific product"
"подсолнечное масло","8","2","EXACT_PRODUCT","подсолнечное масло","exact canonical product"
"разрыхлитель","8","4","PROCESS_INPUT","разрыхлитель","process ingredient remains in accounting"
"специи","8","2","PROCESS_INPUT","специи","process ingredient remains in accounting"
"шампиньоны","8","4","EXACT_PRODUCT","шампиньоны","exact canonical product"
"манная крупа","7","3","EXACT_PRODUCT","манная крупа","exact canonical product"
"масло подсолнечное","7","2","PRODUCT_MISSING","","no accepted product or family evidence"
"молотый черный перец","7","2","PRODUCT_FAMILY_RESOLVED","черный перец","corpus-backed identity family; concrete product selection remains pending"
"мука пшеничная","7","2","EXACT_PRODUCT","мука пшеничная","exact canonical product"
"овсяные хлопья","7","1","EXACT_PRODUCT","овсяные хлопья","exact canonical product"
"помидор","7","2","PRODUCT_FAMILY_RESOLVED","помидор","corpus-backed identity family; concrete product selection remains pending"
"сладкий перец","7","2","PRODUCT_FAMILY_RESOLVED","сладкий перец","corpus-backed identity family; concrete product selection remains pending"
"сыр","7","2","PRODUCT_MISSING","","no accepted product or family evidence"
"ванильный сахар","6","3","PRODUCT_FAMILY_RESOLVED","ванильный сахар","corpus-backed identity family; concrete product selection remains pending"
"кабачки","6","4","FORM_EXPLICIT_PRODUCT","кабачок","exact accepted form-specific product"
"курица","6","2","PRODUCT_FAMILY_RESOLVED","курица","generic identity resolved without arbitrary variant selection"
"морская соль по вкусу","6","1","PRODUCT_FAMILY_RESOLVED","морская соль","corpus-backed identity family; concrete product selection remains pending"
"овощной бульон","6","1","PRODUCT_FAMILY_RESOLVED","овощной бульон","corpus-backed identity family; concrete product selection remains pending"
"паприка молотая","6","1","PRODUCT_FAMILY_RESOLVED","паприка","generic identity resolved without arbitrary variant selection"
"перец ч.м.","6","0","PRODUCT_MISSING","","no accepted product or family evidence"
"помидоры черри","6","3","PRODUCT_FAMILY_RESOLVED","помидоры черри","corpus-backed identity family; concrete product selection remains pending"
"пшено","6","2","PRODUCT_FAMILY_RESOLVED","пшено","generic identity resolved without arbitrary variant selection"
"свинина","6","2","PRODUCT_FAMILY_RESOLVED","свинина","generic identity resolved without arbitrary variant selection"
"стебель сельдерея","6","2","PRODUCT_MISSING","","no accepted product or family evidence"
"томатный соус","6","2","EXACT_PRODUCT","томатный соус","exact canonical product"
"баклажаны","5","3","FORM_EXPLICIT_PRODUCT","баклажан","exact accepted form-specific product"
"белый хлеб","5","2","PRODUCT_FAMILY_RESOLVED","белый хлеб","corpus-backed identity family; concrete product selection remains pending"
"болгарский перец","5","2","PRODUCT_FAMILY_RESOLVED","болгарский перец","corpus-backed identity family; concrete product selection remains pending"
"говяжий фарш","5","2","FORM_EXPLICIT_PRODUCT","фарш говяжий","exact accepted form-specific product"
"кальмары","5","2","SAFE_ALIAS","кальмар","deterministic lexical alias"
"крахмал","5","2","PRODUCT_FAMILY_RESOLVED","крахмал","corpus-backed identity family; concrete product selection remains pending"
"лимон","5","2","EXACT_PRODUCT","лимон","exact canonical product"
"лук зеленый","5","2","PRODUCT_FAMILY_RESOLVED","лук зеленый","corpus-backed identity family; concrete product selection remains pending"
"перец болгарский","5","2","EXACT_PRODUCT","перец болгарский","exact canonical product"
"перец чили","5","3","PRODUCT_FAMILY_RESOLVED","перец чили","generic identity resolved without arbitrary variant selection"
"тимьян","5","1","PRODUCT_FAMILY_RESOLVED","тимьян","generic identity resolved without arbitrary variant selection"
"авокадо","4","2","EXACT_PRODUCT","авокадо","exact canonical product"
"базилик","4","3","PRODUCT_FAMILY_RESOLVED","базилик","generic identity resolved without arbitrary variant selection"
"бекон","4","2","PRODUCT_FAMILY_RESOLVED","бекон","corpus-backed identity family; concrete product selection remains pending"
"гречневая крупа","4","1","PRODUCT_FAMILY_RESOLVED","гречневая крупа","corpus-backed identity family; concrete product selection remains pending"
"зира","4","2","EXACT_PRODUCT","зира","exact canonical product"
"изюм","4","2","EXACT_PRODUCT","изюм","exact canonical product"
"капуста","4","1","PRODUCT_FAMILY_RESOLVED","капуста","generic identity resolved without arbitrary variant selection"
"кинза","4","1","PRODUCT_FAMILY_RESOLVED","кинза","corpus-backed identity family; concrete product selection remains pending"
"консервированная кукуруза","4","1","PRODUCT_FAMILY_RESOLVED","кукуруза","corpus-backed identity family; concrete product selection remains pending"
"красный лук","4","1","PRODUCT_FAMILY_RESOLVED","красный лук","corpus-backed identity family; concrete product selection remains pending"
"крупа гречневая","4","2","PRODUCT_FAMILY_RESOLVED","гречневая крупа","corpus-backed identity family; concrete product selection remains pending"
"куркума","4","3","EXACT_PRODUCT","куркума","exact canonical product"
"мускатный орех","4","3","EXACT_PRODUCT","мускатный орех","exact canonical product"
"паприка","4","2","EXACT_PRODUCT","паприка","exact canonical product"
"петрушка по вкусу","4","1","EXACT_PRODUCT","петрушка","exact canonical product"
"уксус","4","3","PROCESS_INPUT","уксус","process ingredient remains in accounting"
"бульон","3","1","PRODUCT_FAMILY_RESOLVED","бульон","corpus-backed identity family; concrete product selection remains pending"
"ветчина","3","4","PRODUCT_FAMILY_RESOLVED","ветчина","corpus-backed identity family; concrete product selection remains pending"
"грецкие орехи","3","2","PRODUCT_FAMILY_RESOLVED","грецкие орехи","corpus-backed identity family; concrete product selection remains pending"
"дижонская горчица","3","1","PRODUCT_FAMILY_RESOLVED","дижонская горчица","corpus-backed identity family; concrete product selection remains pending"
"для подачи по желанию","3","0","SOURCE_SECTION_LABEL","","recipe section label is not an ingredient"
"душистый перец горошком","3","1","PRODUCT_FAMILY_RESOLVED","душистый перец горошком","corpus-backed identity family; concrete product selection remains pending"
"зелень свежая","3","1","PROCESS_INPUT","зелень","process ingredient remains in accounting"
"карри","3","1","PRODUCT_FAMILY_RESOLVED","карри","corpus-backed identity family; concrete product selection remains pending"
"колбаса","3","2","PRODUCT_FAMILY_RESOLVED","колбаса","corpus-backed identity family; concrete product selection remains pending"
"корица","3","3","EXACT_PRODUCT","корица","exact canonical product"
"красный сладкий перец","3","1","PRODUCT_MISSING","","no accepted product or family evidence"
"крахмал кукурузный","3","2","EXACT_PRODUCT","крахмал кукурузный","exact canonical product"
"креветки","3","3","EXACT_PRODUCT","креветки","exact canonical product"
"круглый рис","3","1","PRODUCT_FAMILY_RESOLVED","круглый рис","corpus-backed identity family; concrete product selection remains pending"
"крупная соль по вкусу","3","0","PROCESS_INPUT","крупная соль","process ingredient remains in accounting"
"куриная грудка","3","2","FORM_EXPLICIT_PRODUCT","грудка","exact accepted form-specific product"
"куриный фарш","3","2","PRODUCT_FAMILY_RESOLVED","фарш","generic identity resolved without arbitrary variant selection"
"лук порей","3","1","EXACT_PRODUCT","лук порей","exact canonical product"
"масло растительное для жарки","3","0","PRODUCT_MISSING","","no accepted product or family evidence"
"молотый черный перец щепотка","3","1","COMPOUND_INGREDIENT_LINE","","deterministic comma-separated compound"
"пармезан","3","1","PRODUCT_FAMILY_RESOLVED","пармезан","corpus-backed identity family; concrete product selection remains pending"
"перец болгарский красный","3","1","PRODUCT_MISSING","","no accepted product or family evidence"
"перец горошком","3","1","PRODUCT_MISSING","","no accepted product or family evidence"
"перец сладкий","3","2","PRODUCT_MISSING","","no accepted product or family evidence"
"петрушка свежая","3","1","PRODUCT_FAMILY_RESOLVED","петрушка","generic identity resolved without arbitrary variant selection"
"растительное масло по вкусу","3","1","PRODUCT_FAMILY_RESOLVED","растительное масло","corpus-backed identity family; concrete product selection remains pending"
"рисовый уксус","3","2","PRODUCT_MISSING","","no accepted product or family evidence"
"розмарин","3","2","PRODUCT_FAMILY_RESOLVED","розмарин","generic identity resolved without arbitrary variant selection"
"сельдерей","3","2","PRODUCT_FAMILY_RESOLVED","сельдерей","corpus-backed identity family; concrete product selection remains pending"
"сода","3","2","PROCESS_INPUT","сода","process ingredient remains in accounting"
"соль перец","3","1","COMPOUND_INGREDIENT_LINE","","deterministic comma-separated compound"
"соль щепотка","3","1","COMPOUND_INGREDIENT_LINE","","deterministic comma-separated compound"
"спагетти","3","1","PRODUCT_MISSING","","no accepted product or family evidence"
"сыр пармезан","3","1","PRODUCT_MISSING","","no accepted product or family evidence"
"сыр твердых сортов","3","1","PRODUCT_MISSING","","no accepted product or family evidence"
"тертый сыр пармезан","3","1","PRODUCT_MISSING","","no accepted product or family evidence"
"черный молотый перец","3","1","PRODUCT_FAMILY_RESOLVED","черный перец","corpus-backed identity family; concrete product selection remains pending"
"шпинат","3","2","EXACT_PRODUCT","шпинат","exact canonical product"
"яблоки","3","1","FORM_EXPLICIT_PRODUCT","яблоко","exact accepted form-specific product"
"яблочный уксус","3","1","PRODUCT_MISSING","","no accepted product or family evidence"
"яичный желток","3","2","EXACT_PRODUCT","яичный желток","exact canonical product"
"армянский лаваш","2","1","PRODUCT_MISSING","","no accepted product or family evidence"
"базилик сушеный","2","2","FORM_EXPLICIT_PRODUCT","базилик","exact accepted form-specific product"
"банан","2","1","EXACT_PRODUCT","банан","exact canonical product"
"бананы","2","1","FORM_EXPLICIT_PRODUCT","банан","exact accepted form-specific product"
"батон","2","1","PRODUCT_FAMILY_RESOLVED","батон","corpus-backed identity family; concrete product selection remains pending"
"белая консервированная фасоль","2","1","PRODUCT_MISSING","","no accepted product or family evidence"
"белокочанная капуста","2","1","PRODUCT_MISSING","","no accepted product or family evidence"
"белые грибы","2","1","PRODUCT_MISSING","","no accepted product or family evidence"
"брокколи","2","2","EXACT_PRODUCT","брокколи","exact canonical product"
"вустерширский соус","2","1","PRODUCT_MISSING","","no accepted product or family evidence"
"говядина на кости","2","1","PRODUCT_MISSING","","no accepted product or family evidence"
"грибы","2","1","PRODUCT_FAMILY_RESOLVED","грибы","corpus-backed identity family; concrete product selection remains pending"
"груши","2","2","FORM_EXPLICIT_PRODUCT","груша","exact accepted form-specific product"
"для теста","2","1","SOURCE_SECTION_LABEL","","recipe section label is not an ingredient"
"душистый перец","2","1","EXACT_PRODUCT","душистый перец","exact canonical product"
"зелень по вкусу","2","1","PROCESS_INPUT","зелень","process ingredient remains in accounting"
"кабачок","2","2","EXACT_PRODUCT","кабачок","exact canonical product"
"каперсы","2","2","PRODUCT_FAMILY_RESOLVED","каперсы","corpus-backed identity family; concrete product selection remains pending"
"капуста брокколи","2","1","PRODUCT_MISSING","","no accepted product or family evidence"
"кетчуп","2","2","EXACT_PRODUCT","кетчуп","exact canonical product"
"кефир","2","2","PRODUCT_FAMILY_RESOLVED","кефир","generic identity resolved without arbitrary variant selection"
"корейская морковь","2","1","PRODUCT_MISSING","","no accepted product or family evidence"
"корень имбиря","2","2","PRODUCT_MISSING","","no accepted product or family evidence"
"корень сельдерея","2","1","PRODUCT_MISSING","","no accepted product or family evidence"
"красное сухое вино","2","1","PRODUCT_MISSING","","no accepted product or family evidence"
"красный винный уксус","2","1","PRODUCT_MISSING","","no accepted product or family evidence"
"крупа манная","2","2","PRODUCT_MISSING","","no accepted product or family evidence"
"кунжут","2","2","EXACT_PRODUCT","кунжут","exact canonical product"
"куриные грудки","2","1","PRODUCT_MISSING","","no accepted product or family evidence"
"куриные ножки","2","2","PRODUCT_MISSING","","no accepted product or family evidence"
"лимонная цедра","2","2","PRODUCT_MISSING","","no accepted product or family evidence"
"лимонная цедра по вкусу","2","1","PRODUCT_MISSING","","no accepted product or family evidence"
"лимонный сок по вкусу","2","1","PRODUCT_FAMILY_RESOLVED","лимонный сок","corpus-backed identity family; concrete product selection remains pending"
"лимоны","2","1","FORM_EXPLICIT_PRODUCT","лимон","exact accepted form-specific product"
"листья салата","2","2","PRODUCT_MISSING","","no accepted product or family evidence"
"лук белый","2","1","PRODUCT_MISSING","","no accepted product or family evidence"
"лук шалот","2","1","PRODUCT_MISSING","","no accepted product or family evidence"
"малина","2","2","EXACT_PRODUCT","малина","exact canonical product"
"масло","2","2","PRODUCT_FAMILY_RESOLVED","масло","corpus-backed identity family; concrete product selection remains pending"
"масло постное","2","1","PRODUCT_MISSING","","no accepted product or family evidence"
"мидии","2","2","EXACT_PRODUCT","мидии","exact canonical product"
"миндаль","2","1","EXACT_PRODUCT","миндаль","exact canonical product"
"молотый перец чили","2","1","PRODUCT_FAMILY_RESOLVED","перец чили","generic identity resolved without arbitrary variant selection"
"мука для панировки","2","1","PRODUCT_MISSING","","no accepted product or family evidence"
"мука при необходимости","2","0","PRODUCT_MISSING","","no accepted product or family evidence"
"мягкий сыр","2","1","PRODUCT_MISSING","","no accepted product or family evidence"
"оливки","2","2","PRODUCT_FAMILY_RESOLVED","оливки","corpus-backed identity family; concrete product selection remains pending"
"оливковое масло по вкусу","2","1","EXACT_PRODUCT","оливковое масло","exact canonical product"
"оливковое масло extra virgin","2","1","PRODUCT_MISSING","","no accepted product or family evidence"
"панировка","2","1","PRODUCT_FAMILY_RESOLVED","панировка","corpus-backed identity family; concrete product selection remains pending"
"перепелиное яйцо","2","1","PRODUCT_MISSING","","no accepted product or family evidence"
"перец молотый","2","2","PRODUCT_FAMILY_RESOLVED","перец","corpus-backed identity family; concrete product selection remains pending"
"перец черный горошком","2","1","PRODUCT_MISSING","","no accepted product or family evidence"
"перец чили по вкусу","2","2","PRODUCT_FAMILY_RESOLVED","перец чили","generic identity resolved without arbitrary variant selection"
"плавленый сыр","2","2","PRODUCT_MISSING","","no accepted product or family evidence"
"приправа для курицы","2","2","PROCESS_INPUT","приправа для курицы","process ingredient remains in accounting"
"пшеничная лапша","2","1","PRODUCT_MISSING","","no accepted product or family evidence"
"рис арборио","2","1","PRODUCT_MISSING","","no accepted product or family evidence"
"рис круглый","2","2","PRODUCT_MISSING","","no accepted product or family evidence"
"рубленая петрушка","2","1","PRODUCT_MISSING","","no accepted product or family evidence"
"салат айсберг","2","2","PRODUCT_MISSING","","no accepted product or family evidence"
"сало","2","2","PRODUCT_MISSING","","no accepted product or family evidence"
"сахар ванильный","2","1","PRODUCT_MISSING","","no accepted product or family evidence"
"свежемолотый черный перец щепотка","2","0","COMPOUND_INGREDIENT_LINE","","deterministic comma-separated compound"
"свежий тимьян","2","0","PRODUCT_MISSING","","no accepted product or family evidence"
"свекла","2","1","EXACT_PRODUCT","свекла","exact canonical product"
"смесь молотых перцев по вкусу","2","1","PRODUCT_MISSING","","no accepted product or family evidence"
"смесь салатных листьев","2","1","PRODUCT_MISSING","","no accepted product or family evidence"
"сметана 15 20%","2","1","PRODUCT_FAMILY_RESOLVED","сметана","generic identity resolved without arbitrary variant selection"
"сметана 20%","2","1","FORM_EXPLICIT_PRODUCT","сметана","exact accepted form-specific product"
"сок лайма","2","1","PRODUCT_FAMILY_RESOLVED","сок лайма","corpus-backed identity family; concrete product selection remains pending"
"соль и перец","2","1","PROCESS_INPUT","соль и перец","process ingredient remains in accounting"
"соль черный молотый перец","2","1","COMPOUND_INGREDIENT_LINE","","deterministic comma-separated compound"
"сосиски","2","2","PRODUCT_MISSING","","no accepted product or family evidence"
"соус чили","2","2","PRODUCT_MISSING","","no accepted product or family evidence"
"специи по вкусу","2","1","PROCESS_INPUT","специи","process ingredient remains in accounting"
"сушеный майоран по вкусу","2","0","PRODUCT_MISSING","","no accepted product or family evidence"
"сыр горгонзола","2","1","PRODUCT_MISSING","","no accepted product or family evidence"
"сыр моцарелла","2","1","PRODUCT_MISSING","","no accepted product or family evidence"
"твердый сыр по вкусу","2","1","PRODUCT_FAMILY_RESOLVED","твердый сыр","corpus-backed identity family; concrete product selection remains pending"
"тимьян сушеный","2","1","FORM_EXPLICIT_PRODUCT","тимьян","exact accepted form-specific product"
"томатный сок","2","1","PRODUCT_FAMILY_RESOLVED","томатный сок","corpus-backed identity family; concrete product selection remains pending"
"тушенка","2","2","PRODUCT_MISSING","","no accepted product or family evidence"
"тыква очищенная","2","1","PRODUCT_MISSING","","no accepted product or family evidence"
"фарш свино говяжий","2","1","PRODUCT_MISSING","","no accepted product or family evidence"
"фенхель","2","1","EXACT_PRODUCT","фенхель","exact canonical product"
"филе куриной грудки","2","1","PRODUCT_MISSING","","no accepted product or family evidence"
"хмели сунели","2","2","PRODUCT_MISSING","","no accepted product or family evidence"
"цветная капуста","2","2","EXACT_PRODUCT","цветная капуста","exact canonical product"
"черная смородина","2","1","PRODUCT_MISSING","","no accepted product or family evidence"
"черный перец горошком","2","1","PRODUCT_MISSING","","no accepted product or family evidence"
"чесночный порошок","2","1","PRODUCT_MISSING","","no accepted product or family evidence"
"яйца куриные","2","1","PRODUCT_FAMILY_RESOLVED","яйца","generic identity resolved without arbitrary variant selection"
"айва","1","1","PRODUCT_MISSING","","no accepted product or family evidence"
"ананасы","1","1","PRODUCT_MISSING","","no accepted product or family evidence"
"английские огурцы","1","1","PRODUCT_MISSING","","no accepted product or family evidence"
"апельсиновая цедра","1","1","PRODUCT_MISSING","","no accepted product or family evidence"
"арахисовое масло","1","1","PRODUCT_MISSING","","no accepted product or family evidence"
"асафетида щепотка","1","1","COMPOUND_INGREDIENT_LINE","","deterministic comma-separated compound"
"базилик по вкусу","1","1","PRODUCT_FAMILY_RESOLVED","базилик","generic identity resolved without arbitrary variant selection"
"базилик сухой","1","1","PRODUCT_FAMILY_RESOLVED","базилик","corpus-backed identity family; concrete product selection remains pending"
"баклажан","1","1","EXACT_PRODUCT","баклажан","exact canonical product"
"бальзамический крем","1","1","PRODUCT_MISSING","","no accepted product or family evidence"
"бараний фарш","1","1","PRODUCT_MISSING","","no accepted product or family evidence"
"баранина","1","1","PRODUCT_MISSING","","no accepted product or family evidence"
"барбарис","1","1","PRODUCT_MISSING","","no accepted product or family evidence"
"батат сырой","1","0","PRODUCT_FAMILY_RESOLVED","батат","generic identity resolved without arbitrary variant selection"
"бекон по вкусу","1","1","PRODUCT_FAMILY_RESOLVED","бекон","corpus-backed identity family; concrete product selection remains pending"
"белая часть лука порей","1","1","PRODUCT_MISSING","","no accepted product or family evidence"
"белое сухое вино","1","1","PRODUCT_MISSING","","no accepted product or family evidence"
"белый лук","1","1","PRODUCT_MISSING","","no accepted product or family evidence"
"белый перец горошком по вкусу","1","1","PRODUCT_MISSING","","no accepted product or family evidence"
"белый сыр чеддер","1","1","PRODUCT_MISSING","","no accepted product or family evidence"
"бобы адзуки хундоу","1","0","PRODUCT_MISSING","","no accepted product or family evidence"
"болгарский перец свежий или замороженный","1","0","ALTERNATIVE_INGREDIENT_LINE","","deterministic alternative grammar"
"брусника","1","1","PRODUCT_MISSING","","no accepted product or family evidence"
"брусничный джем","1","1","PRODUCT_MISSING","","no accepted product or family evidence"
"брусничный морс","1","1","PRODUCT_MISSING","","no accepted product or family evidence"
"булгур","1","1","PRODUCT_FAMILY_RESOLVED","булгур","generic identity resolved without arbitrary variant selection"
"булка белая","1","1","PRODUCT_MISSING","","no accepted product or family evidence"
"булочка для гамбургеров","1","1","PRODUCT_MISSING","","no accepted product or family evidence"
"бульон куриный","1","1","PRODUCT_FAMILY_RESOLVED","бульон","corpus-backed identity family; concrete product selection remains pending"
"бульонные кубики 5 6 шт","1","1","PRODUCT_MISSING","","no accepted product or family evidence"
"ванильный сахар щепотка","1","1","COMPOUND_INGREDIENT_LINE","","deterministic comma-separated compound"
"ветчина или колбаса сосиски","1","0","COMPOUND_INGREDIENT_LINE","","deterministic comma-separated compound"
"винный уксус","1","1","PRODUCT_MISSING","","no accepted product or family evidence"
"винный уксус по вкусу","1","1","PRODUCT_MISSING","","no accepted product or family evidence"
"виноград","1","1","EXACT_PRODUCT","виноград","exact canonical product"
"вишня","1","1","EXACT_PRODUCT","вишня","exact canonical product"
"вишня без косточек","1","1","PRODUCT_MISSING","","no accepted product or family evidence"
"вода или бульон","1","1","ALTERNATIVE_INGREDIENT_LINE","","deterministic alternative grammar"
"вода или молоко","1","1","ALTERNATIVE_INGREDIENT_LINE","","deterministic alternative grammar"
"вода кипяток","1","0","PROCESS_INPUT","вода кипяток","process ingredient remains in accounting"
"вода ледяная","1","1","PROCESS_INPUT","вода ледяная","process ingredient remains in accounting"
"гарам масала","1","1","PRODUCT_MISSING","","no accepted product or family evidence"
"гвоздика","1","1","EXACT_PRODUCT","гвоздика","exact canonical product"
"говядина мякоть","1","0","PRODUCT_MISSING","","no accepted product or family evidence"
"говяжий бульон","1","1","PRODUCT_MISSING","","no accepted product or family evidence"
"говяжье филе","1","1","PRODUCT_MISSING","","no accepted product or family evidence"
"говяжья вырезка","1","1","PRODUCT_MISSING","","no accepted product or family evidence"
"голубика","1","1","PRODUCT_FAMILY_RESOLVED","голубика","corpus-backed identity family; concrete product selection remains pending"
"голяшки говяжьи","1","1","PRODUCT_MISSING","","no accepted product or family evidence"
"горошек зеленый","1","1","EXACT_PRODUCT","горошек зеленый","exact canonical product"
"горчица дижонская","1","1","EXACT_PRODUCT","горчица дижонская","exact canonical product"
"горчичное масло","1","1","PRODUCT_MISSING","","no accepted product or family evidence"
"гранатовый сок","1","1","PRODUCT_MISSING","","no accepted product or family evidence"
"грибной бульон","1","1","PRODUCT_MISSING","","no accepted product or family evidence"
"грудка индейки","1","1","PRODUCT_MISSING","","no accepted product or family evidence"
"длиннозерный рис","1","1","PRODUCT_MISSING","","no accepted product or family evidence"
"для бульона","1","1","SOURCE_SECTION_LABEL","","recipe section label is not an ingredient"
"для клецек","1","1","SOURCE_SECTION_LABEL","","recipe section label is not an ingredient"
"для начинки","1","1","SOURCE_SECTION_LABEL","","recipe section label is not an ingredient"
"для подачи","1","1","SOURCE_SECTION_LABEL","","recipe section label is not an ingredient"
"для подготовки формы","1","1","SOURCE_SECTION_LABEL","","recipe section label is not an ingredient"
"для соуса","1","1","SOURCE_SECTION_LABEL","","recipe section label is not an ingredient"
"для соуса маринада","1","1","SOURCE_SECTION_LABEL","","recipe section label is not an ingredient"
"для супа","1","1","SOURCE_SECTION_LABEL","","recipe section label is not an ingredient"
"ежевика","1","1","EXACT_PRODUCT","ежевика","exact canonical product"
"ежевичное пюре","1","1","PRODUCT_MISSING","","no accepted product or family evidence"
"заменитель сахара по вкусу","1","1","PRODUCT_MISSING","","no accepted product or family evidence"
"замороженная мексиканская смесь","1","1","PRODUCT_MISSING","","no accepted product or family evidence"
"замороженная черная смородина","1","1","PRODUCT_MISSING","","no accepted product or family evidence"
"замороженный шпинат","1","1","PRODUCT_FAMILY_RESOLVED","шпинат","generic identity resolved without arbitrary variant selection"
"запеченный лосось","1","1","PRODUCT_FAMILY_RESOLVED","лосось","generic identity resolved without arbitrary variant selection"
"зеленый лук перья","1","1","PRODUCT_MISSING","","no accepted product or family evidence"
"зеленый лук свежая зелень","1","1","PRODUCT_MISSING","","no accepted product or family evidence"
"зеленый салат","1","1","PRODUCT_MISSING","","no accepted product or family evidence"
"зеленый сладкий перец","1","1","PRODUCT_MISSING","","no accepted product or family evidence"
"зелень петрушки","1","1","PROCESS_INPUT","зелень петрушки","process ingredient remains in accounting"
"зелень петрушки для подачи","1","0","PROCESS_INPUT","зелень петрушки для подачи","process ingredient remains in accounting"
"зелень петрушки и укропа","1","1","PROCESS_INPUT","зелень петрушки и укропа","process ingredient remains in accounting"
"зелень петрушки мелко нарезанная","1","0","PROCESS_INPUT","зелень петрушки мелко нарезанная","process ingredient remains in accounting"
"зелень свежая зеленый лук укроп петрушка","1","0","COMPOUND_INGREDIENT_LINE","","deterministic comma-separated compound"
"зелень сельдерея","1","1","PROCESS_INPUT","зелень сельдерея","process ingredient remains in accounting"
"зелень укроп петрушка кинза","1","0","COMPOUND_INGREDIENT_LINE","","deterministic comma-separated compound"
"зелень укропа","1","1","PROCESS_INPUT","зелень укропа","process ingredient remains in accounting"
"зелень укропа и петрушки","1","1","PROCESS_INPUT","зелень укропа и петрушки","process ingredient remains in accounting"
"зерна граната","1","1","PRODUCT_MISSING","","no accepted product or family evidence"
"зернистая горчица","1","1","PRODUCT_MISSING","","no accepted product or family evidence"
"или","1","1","PARSE_NOISE","","empty or orphaned alternative marker"
"или ванильный сахар","1","1","PRODUCT_MISSING","","no accepted product or family evidence"
"имбирь","1","1","PRODUCT_FAMILY_RESOLVED","имбирь","generic identity resolved without arbitrary variant selection"
"имбирь по вкусу","1","1","PRODUCT_FAMILY_RESOLVED","имбирь","generic identity resolved without arbitrary variant selection"
"имеретинский сыр","1","1","PRODUCT_MISSING","","no accepted product or family evidence"
"итальянские травы","1","1","PRODUCT_MISSING","","no accepted product or family evidence"
"итальянские травы по вкусу","1","1","PRODUCT_MISSING","","no accepted product or family evidence"
"кабачки молодые","1","0","PRODUCT_MISSING","","no accepted product or family evidence"
"кабачки средние","1","1","PRODUCT_MISSING","","no accepted product or family evidence"
"кабачок мякоть","1","0","PRODUCT_MISSING","","no accepted product or family evidence"
"какао","1","1","PRODUCT_FAMILY_RESOLVED","какао","corpus-backed identity family; concrete product selection remains pending"
"кальмар","1","1","EXACT_PRODUCT","кальмар","exact canonical product"
"кальмар свежемороженый","1","1","PRODUCT_MISSING","","no accepted product or family evidence"
"капуста брокколи по вкусу","1","1","PRODUCT_MISSING","","no accepted product or family evidence"
"капуста кейл","1","1","PRODUCT_MISSING","","no accepted product or family evidence"
"капуста тушеная","1","1","FORM_EXPLICIT_PRODUCT","капуста","exact accepted form-specific product"
"капуста цветная","1","1","PRODUCT_MISSING","","no accepted product or family evidence"
"картофель отварной","1","1","PRODUCT_FAMILY_RESOLVED","картофель","generic identity resolved without arbitrary variant selection"
"картофель среднего размера","1","1","PRODUCT_MISSING","","no accepted product or family evidence"
"картофель средний","1","0","PRODUCT_MISSING","","no accepted product or family evidence"
"картофельные чипсы","1","1","PRODUCT_MISSING","","no accepted product or family evidence"
"кедровые орехи по вкусу","1","1","PRODUCT_MISSING","","no accepted product or family evidence"
"кетчуп помидорный","1","1","PRODUCT_MISSING","","no accepted product or family evidence"
"кинза кориандр","1","1","COMPOUND_INGREDIENT_LINE","","deterministic comma-separated compound"
"кинза по вкусу","1","1","PRODUCT_FAMILY_RESOLVED","кинза","corpus-backed identity family; concrete product selection remains pending"
"кипяток","1","1","PROCESS_INPUT","кипяток","process ingredient remains in accounting"
"клубника свежая 100 г","1","1","PRODUCT_MISSING","","no accepted product or family evidence"
"кокосовая мука","1","1","PRODUCT_MISSING","","no accepted product or family evidence"
"кокосовая стружка","1","1","PRODUCT_MISSING","","no accepted product or family evidence"
"кокосовое молоко","1","1","PRODUCT_MISSING","","no accepted product or family evidence"
"колбаса вареная","1","1","PRODUCT_FAMILY_RESOLVED","колбаса","corpus-backed identity family; concrete product selection remains pending"
"колбаса копченая","1","1","PRODUCT_FAMILY_RESOLVED","колбаса","corpus-backed identity family; concrete product selection remains pending"
"колбаски","1","1","PRODUCT_MISSING","","no accepted product or family evidence"
"колбаски копченые","1","1","PRODUCT_MISSING","","no accepted product or family evidence"
"консервированная фасоль","1","1","PRODUCT_FAMILY_RESOLVED","фасоль","generic identity resolved without arbitrary variant selection"
"консервированная фасоль в томатном соусе","1","1","PRODUCT_MISSING","","no accepted product or family evidence"
"консервированные кальмары","1","1","PRODUCT_MISSING","","no accepted product or family evidence"
"консервированные шампиньоны","1","1","PRODUCT_MISSING","","no accepted product or family evidence"
"консервированный ананас","1","1","PRODUCT_FAMILY_RESOLVED","ананас","generic identity resolved without arbitrary variant selection"
"консервированный перец чипотле","1","1","PRODUCT_MISSING","","no accepted product or family evidence"
"консервированный тунец","1","1","PRODUCT_FAMILY_RESOLVED","тунец","generic identity resolved without arbitrary variant selection"
"консервированный тунец в собственном соку","1","1","PRODUCT_MISSING","","no accepted product or family evidence"
"консервы сайры в масле","1","1","PRODUCT_MISSING","","no accepted product or family evidence"
"концентрат заварного крема 2 фунта 0","1","1","PRODUCT_MISSING","","no accepted product or family evidence"
"копченая колбаса","1","1","PRODUCT_FAMILY_RESOLVED","колбаса","corpus-backed identity family; concrete product selection remains pending"
"копченые ребрышки","1","1","PRODUCT_MISSING","","no accepted product or family evidence"
"кориандр зерна","1","1","COMPOUND_INGREDIENT_LINE","","deterministic comma-separated compound"
"коричневый сахар по вкусу","1","1","PRODUCT_MISSING","","no accepted product or family evidence"
"корнишоны","1","1","PRODUCT_MISSING","","no accepted product or family evidence"
"королевские шампиньоны","1","1","PRODUCT_MISSING","","no accepted product or family evidence"
"крабовые палочки","1","2","EXACT_PRODUCT","крабовые палочки","exact canonical product"
"крабовые палочки мясо","1","0","PRODUCT_MISSING","","no accepted product or family evidence"
"красная икра","1","1","PRODUCT_MISSING","","no accepted product or family evidence"
"красная икра по вкусу","1","1","PRODUCT_MISSING","","no accepted product or family evidence"
"красная консервированная фасоль","1","1","PRODUCT_MISSING","","no accepted product or family evidence"
"креветки варено мороженые","1","0","PRODUCT_MISSING","","no accepted product or family evidence"
"крекеры","1","1","PRODUCT_MISSING","","no accepted product or family evidence"
"круглая булочка","1","1","PRODUCT_MISSING","","no accepted product or family evidence"
"крупа пшеничная","1","1","PRODUCT_MISSING","","no accepted product or family evidence"
"крупа пшенная","1","1","PRODUCT_MISSING","","no accepted product or family evidence"
"крупное яйцо","1","0","PRODUCT_MISSING","","no accepted product or family evidence"
"крупные помидоры черри","1","0","PRODUCT_MISSING","","no accepted product or family evidence"
"кукуруза","1","1","PRODUCT_FAMILY_RESOLVED","кукуруза","generic identity resolved without arbitrary variant selection"
"кукуруза консервированная","1","1","PRODUCT_FAMILY_RESOLVED","кукуруза","corpus-backed identity family; concrete product selection remains pending"
"кукурузная мука","1","1","PRODUCT_MISSING","","no accepted product or family evidence"
"кукурузные тортильи","1","1","PRODUCT_MISSING","","no accepted product or family evidence"
"кукурузный крахмал","1","1","PRODUCT_MISSING","","no accepted product or family evidence"
"кумин","1","1","PRODUCT_MISSING","","no accepted product or family evidence"
"кунжутное масло","1","1","PRODUCT_MISSING","","no accepted product or family evidence"
"купаты","1","1","PRODUCT_MISSING","","no accepted product or family evidence"
"курага","1","1","EXACT_PRODUCT","курага","exact canonical product"
"куриная грудка или филе","1","0","PRODUCT_MISSING","","no accepted product or family evidence"
"куриное яйцо крупное","1","0","PRODUCT_MISSING","","no accepted product or family evidence"
"куриные бедрышки","1","1","PRODUCT_MISSING","","no accepted product or family evidence"
"куриные голени","1","1","PRODUCT_MISSING","","no accepted product or family evidence"
"куриный бульон","1","1","PRODUCT_FAMILY_RESOLVED","бульон","corpus-backed identity family; concrete product selection remains pending"
"курица бройлерная","1","1","PRODUCT_MISSING","","no accepted product or family evidence"
"лавровый лист по желанию","1","0","PROCESS_INPUT","лавровый лист по желанию","process ingredient remains in accounting"
"лапша удон","1","1","PRODUCT_MISSING","","no accepted product or family evidence"
"лимонная или апельсиновая цедра","1","1","ALTERNATIVE_INGREDIENT_LINE","","deterministic alternative grammar"
"листья виноградные","1","1","PRODUCT_MISSING","","no accepted product or family evidence"
"лосось","1","1","EXACT_PRODUCT","лосось","exact canonical product"
"лук зеленый мелко нарезанный","1","0","PRODUCT_MISSING","","no accepted product or family evidence"
"лук зеленый нарезанный","1","0","PRODUCT_MISSING","","no accepted product or family evidence"
"лук некрупный","1","0","PRODUCT_MISSING","","no accepted product or family evidence"
"лук репчатый некрупный","1","0","PRODUCT_MISSING","","no accepted product or family evidence"
"луковица","1","1","PRODUCT_MISSING","","no accepted product or family evidence"
"майонез или сметана","1","1","ALTERNATIVE_INGREDIENT_LINE","","deterministic alternative grammar"
"майонез по вкусу","1","1","EXACT_PRODUCT","майонез","exact canonical product"
"мак пищевой","1","1","PRODUCT_MISSING","","no accepted product or family evidence"
"макароны","1","1","PRODUCT_FAMILY_RESOLVED","макароны","corpus-backed identity family; concrete product selection remains pending"
"макароны сухие","1","0","EXACT_PRODUCT","макароны сухие","exact canonical product"
"мандариновая цедра","1","1","PRODUCT_MISSING","","no accepted product or family evidence"
"манная крупа 2 ст.л","1","1","PRODUCT_MISSING","","no accepted product or family evidence"
"маргарин для смазывания противня","1","1","PRODUCT_MISSING","","no accepted product or family evidence"
"маринованные огурцы","1","1","PRODUCT_MISSING","","no accepted product or family evidence"
"маринованные огурцы по вкусу","1","1","PRODUCT_MISSING","","no accepted product or family evidence"
"маршмеллоу","1","1","PRODUCT_MISSING","","no accepted product or family evidence"
"маслины по вкусу","1","1","PRODUCT_MISSING","","no accepted product or family evidence"
"масло грецкого ореха","1","1","PRODUCT_MISSING","","no accepted product or family evidence"
"масло для жарки желательно оливковое","1","0","PRODUCT_MISSING","","no accepted product or family evidence"
"масло желательно топленое","1","0","PRODUCT_MISSING","","no accepted product or family evidence"
"масло канолы","1","1","PRODUCT_MISSING","","no accepted product or family evidence"
"масло кунжутное","1","1","PRODUCT_MISSING","","no accepted product or family evidence"
"масло кунжутное растительное","1","0","PRODUCT_MISSING","","no accepted product or family evidence"
"масло оливковое","1","1","PRODUCT_MISSING","","no accepted product or family evidence"
"масло подсолнечное для жарки","1","1","PRODUCT_MISSING","","no accepted product or family evidence"
"масло растительное для обжарки","1","1","PRODUCT_MISSING","","no accepted product or family evidence"
"масло растительное или сливочное","1","1","ALTERNATIVE_INGREDIENT_LINE","","deterministic alternative grammar"
"масло растительное рафинированное","1","1","PRODUCT_MISSING","","no accepted product or family evidence"
"масло растительное сливочное","1","0","PRODUCT_MISSING","","no accepted product or family evidence"
"масло растительное у меня оливковое","1","0","PRODUCT_MISSING","","no accepted product or family evidence"
"масло расторопши","1","1","PRODUCT_MISSING","","no accepted product or family evidence"
"масло сливочное 82","1","1","PRODUCT_FAMILY_RESOLVED","масло сливочное","generic identity resolved without arbitrary variant selection"
"масло сливочное для жарки","1","0","PRODUCT_MISSING","","no accepted product or family evidence"
"масло сливочное для смазывания формы","1","0","PRODUCT_MISSING","","no accepted product or family evidence"
"мацони","1","1","PRODUCT_MISSING","","no accepted product or family evidence"
"мед по вкусу","1","1","EXACT_PRODUCT","мед","exact canonical product"
"микросалат","1","1","PRODUCT_MISSING","","no accepted product or family evidence"
"минтай","1","2","EXACT_PRODUCT","минтай","exact canonical product"
"минтай филе","1","0","PRODUCT_MISSING","","no accepted product or family evidence"
"молоко жирностью 3","1","1","PRODUCT_MISSING","","no accepted product or family evidence"
"молотая корица щепотка","1","1","COMPOUND_INGREDIENT_LINE","","deterministic comma-separated compound"
"молотый кориандр","1","1","PRODUCT_MISSING","","no accepted product or family evidence"
"молотый красный перец","1","1","PRODUCT_MISSING","","no accepted product or family evidence"
"молотый красный перец по вкусу","1","1","PRODUCT_MISSING","","no accepted product or family evidence"
"молотый мускатный орех щепотка","1","1","COMPOUND_INGREDIENT_LINE","","deterministic comma-separated compound"
"молотый перец чили по вкусу","1","1","PRODUCT_FAMILY_RESOLVED","перец чили","generic identity resolved without arbitrary variant selection"
"молочный шоколад","1","1","PRODUCT_MISSING","","no accepted product or family evidence"
"морковь некрупная","1","0","PRODUCT_MISSING","","no accepted product or family evidence"
"морковь по корейски","1","1","PRODUCT_MISSING","","no accepted product or family evidence"
"морская соль щепотка","1","1","COMPOUND_INGREDIENT_LINE","","deterministic comma-separated compound"
"мраморная говядина","1","1","PRODUCT_MISSING","","no accepted product or family evidence"
"мука амаранта","1","1","PRODUCT_MISSING","","no accepted product or family evidence"
"мука для обваливания","1","1","PRODUCT_MISSING","","no accepted product or family evidence"
"мука для пасты","1","1","PRODUCT_MISSING","","no accepted product or family evidence"
"мука кукурузная","1","1","EXACT_PRODUCT","мука кукурузная","exact canonical product"
"мука овсяная пшеничная","1","1","PRODUCT_MISSING","","no accepted product or family evidence"
"мускатный орех молотый","1","1","PRODUCT_FAMILY_RESOLVED","мускатный орех","generic identity resolved without arbitrary variant selection"
"мякоть авокадо","1","1","PRODUCT_MISSING","","no accepted product or family evidence"
"мясной бульон","1","1","PRODUCT_MISSING","","no accepted product or family evidence"
"мясные полуфабрикаты","1","1","PRODUCT_MISSING","","no accepted product or family evidence"
"мясо","1","1","PRODUCT_MISSING","","no accepted product or family evidence"
"мясо криля","1","1","PRODUCT_MISSING","","no accepted product or family evidence"
"нори морские водоросли","1","0","PRODUCT_MISSING","","no accepted product or family evidence"
"нут","1","1","PRODUCT_MISSING","","no accepted product or family evidence"
"обезжиренная пахта","1","1","PRODUCT_MISSING","","no accepted product or family evidence"
"обезжиренный кефир","1","1","PRODUCT_MISSING","","no accepted product or family evidence"
"обезжиренный творог","1","1","PRODUCT_MISSING","","no accepted product or family evidence"
"овечий сыр","1","1","PRODUCT_MISSING","","no accepted product or family evidence"
"огурец свежий","1","1","PRODUCT_FAMILY_RESOLVED","огурец","generic identity resolved without arbitrary variant selection"
"огурцы соленые","1","1","PRODUCT_MISSING","","no accepted product or family evidence"
"оливки без косточек","1","1","PRODUCT_MISSING","","no accepted product or family evidence"
"оливковое масло extra virgin по вкусу","1","1","PRODUCT_MISSING","","no accepted product or family evidence"
"орегано","1","2","PRODUCT_FAMILY_RESOLVED","орегано","generic identity resolved without arbitrary variant selection"
"орегано сухой","1","1","PRODUCT_MISSING","","no accepted product or family evidence"
"орегано сушеное","1","1","PRODUCT_MISSING","","no accepted product or family evidence"
"орегано щепотка","1","1","COMPOUND_INGREDIENT_LINE","","deterministic comma-separated compound"
"орехи","1","1","PRODUCT_MISSING","","no accepted product or family evidence"
"орехи грецкие","1","1","PRODUCT_MISSING","","no accepted product or family evidence"
"острая горчица","1","1","PRODUCT_MISSING","","no accepted product or family evidence"
"охотничьи колбаски","1","1","PRODUCT_MISSING","","no accepted product or family evidence"
"панировочные сухари из белого хлеба","1","1","PRODUCT_MISSING","","no accepted product or family evidence"
"паприка по вкусу","1","1","EXACT_PRODUCT","паприка","exact canonical product"
"паприка сладкая молотая","1","1","PRODUCT_MISSING","","no accepted product or family evidence"
"паста","1","2","EXACT_PRODUCT","паста","exact canonical product"
"паста каннеллони","1","1","PRODUCT_MISSING","","no accepted product or family evidence"
"паста по вкусу","1","1","EXACT_PRODUCT","паста","exact canonical product"
"паста спагетти","1","0","PRODUCT_MISSING","","no accepted product or family evidence"
"паста тальятелле","1","1","PRODUCT_MISSING","","no accepted product or family evidence"
"паста фузилли","1","1","PRODUCT_MISSING","","no accepted product or family evidence"
"пекан","1","1","PRODUCT_MISSING","","no accepted product or family evidence"
"пекинская капуста","1","1","PRODUCT_MISSING","","no accepted product or family evidence"
"перец белый горошком","1","1","PRODUCT_MISSING","","no accepted product or family evidence"
"перец красный и черный","1","1","PRODUCT_MISSING","","no accepted product or family evidence"
"перец красный молотый","1","1","PRODUCT_MISSING","","no accepted product or family evidence"
"перец молотый смесь","1","0","PRODUCT_MISSING","","no accepted product or family evidence"
"перец свежемолотый смесь перцев","1","0","PRODUCT_MISSING","","no accepted product or family evidence"
"перец сладкий красный","1","1","PRODUCT_MISSING","","no accepted product or family evidence"
"перец черный молотый для подачи","1","0","PRODUCT_MISSING","","no accepted product or family evidence"
"перец чили свежий","1","1","PRODUCT_FAMILY_RESOLVED","перец чили","generic identity resolved without arbitrary variant selection"
"перловая крупа","1","1","PRODUCT_MISSING","","no accepted product or family evidence"
"перловка","1","1","PRODUCT_FAMILY_RESOLVED","перловка","generic identity resolved without arbitrary variant selection"
"петрушка зелень","1","0","PRODUCT_MISSING","","no accepted product or family evidence"
"петрушка свежая для подачи по желанию","1","0","COMPOUND_INGREDIENT_LINE","","deterministic comma-separated compound"
"петрушка свежая зелень","1","1","PRODUCT_MISSING","","no accepted product or family evidence"
"плавленые сырки","1","1","PRODUCT_MISSING","","no accepted product or family evidence"
"поваренная соль","1","1","PRODUCT_MISSING","","no accepted product or family evidence"
"помидоры пелати","1","1","PRODUCT_MISSING","","no accepted product or family evidence"
"помидоры свежие","1","1","PRODUCT_MISSING","","no accepted product or family evidence"
"порошок асаи","1","1","PRODUCT_MISSING","","no accepted product or family evidence"
"приправа","1","1","PROCESS_INPUT","приправа","process ingredient remains in accounting"
"приправа для рыбы","1","1","PROCESS_INPUT","приправа для рыбы","process ingredient remains in accounting"
"прованские травы по вкусу","1","1","PRODUCT_MISSING","","no accepted product or family evidence"
"пропаренный рис","1","1","PRODUCT_MISSING","","no accepted product or family evidence"
"пюре гороховое","1","1","PRODUCT_MISSING","","no accepted product or family evidence"
"разрыхлитель теста","1","1","PROCESS_INPUT","разрыхлитель теста","process ingredient remains in accounting"
"растительное масло для жарки","1","1","PRODUCT_MISSING","","no accepted product or family evidence"
"растительное масло для фритюра","1","1","PRODUCT_MISSING","","no accepted product or family evidence"
"растительные сливки","1","1","PRODUCT_MISSING","","no accepted product or family evidence"
"рафинированное масло для жарки","1","0","PRODUCT_MISSING","","no accepted product or family evidence"
"рафинированное оливковое масло","1","1","PRODUCT_MISSING","","no accepted product or family evidence"
"ребрышки свиные","1","1","PRODUCT_MISSING","","no accepted product or family evidence"
"редис","1","1","EXACT_PRODUCT","редис","exact canonical product"
"ржаной хлеб каравай","1","1","PRODUCT_MISSING","","no accepted product or family evidence"
"рис для ризотто","1","1","PRODUCT_MISSING","","no accepted product or family evidence"
"рис круглозерный","1","1","PRODUCT_MISSING","","no accepted product or family evidence"
"рис круглый непропаренный","1","1","COMPOUND_INGREDIENT_LINE","","deterministic comma-separated compound"
"розмарин сушеный","1","1","FORM_EXPLICIT_PRODUCT","розмарин","exact accepted form-specific product"
"российский сыр","1","1","PRODUCT_MISSING","","no accepted product or family evidence"
"рубленая кинза кориандр","1","0","PRODUCT_MISSING","","no accepted product or family evidence"
"рукола","1","1","PRODUCT_MISSING","","no accepted product or family evidence"
"рыба у меня филе трески","1","0","PRODUCT_MISSING","","no accepted product or family evidence"
"рыбный бульон из рыбных косточек и обрезков или вода","1","0","ALTERNATIVE_INGREDIENT_LINE","","deterministic alternative grammar"
"салат корн","1","1","PRODUCT_MISSING","","no accepted product or family evidence"
"салат латук","1","1","PRODUCT_MISSING","","no accepted product or family evidence"
"салат оливье","1","1","PRODUCT_FAMILY_RESOLVED","салат оливье","corpus-backed identity family; concrete product selection remains pending"
"салат ромен","1","1","PRODUCT_MISSING","","no accepted product or family evidence"
"сахар 2 фунта 0","1","1","PRODUCT_MISSING","","no accepted product or family evidence"
"сахар песок","1","1","PRODUCT_MISSING","","no accepted product or family evidence"
"сахар по желанию","1","0","PRODUCT_MISSING","","no accepted product or family evidence"
"сахарная пудра","1","1","PROCESS_INPUT","сахарная пудра","process ingredient remains in accounting"
"сахарный песок","1","1","PRODUCT_MISSING","","no accepted product or family evidence"
"сацебели","1","1","PRODUCT_MISSING","","no accepted product or family evidence"
"свежая зелень","1","0","PROCESS_INPUT","зелень","process ingredient remains in accounting"
"свежая мята","1","0","PRODUCT_MISSING","","no accepted product or family evidence"
"свежая мята по вкусу","1","0","PRODUCT_MISSING","","no accepted product or family evidence"
"свежевыжатый лимонный сок","1","0","PRODUCT_MISSING","","no accepted product or family evidence"
"свежевыжатый морковный сок","1","0","PRODUCT_MISSING","","no accepted product or family evidence"
"свежие листья орегано","1","0","PRODUCT_MISSING","","no accepted product or family evidence"
"свежие очищенные устрицы","1","0","PRODUCT_MISSING","","no accepted product or family evidence"
"свежие шампиньоны","1","0","PRODUCT_FAMILY_RESOLVED","шампиньоны","generic identity resolved without arbitrary variant selection"
"свежий желтый перец","1","0","PRODUCT_MISSING","","no accepted product or family evidence"
"свежий розмарин","1","0","PRODUCT_MISSING","","no accepted product or family evidence"
"светлый изюм","1","1","PRODUCT_MISSING","","no accepted product or family evidence"
"свиная голяшка рулька","1","0","PRODUCT_MISSING","","no accepted product or family evidence"
"свиная корейка","1","1","PRODUCT_MISSING","","no accepted product or family evidence"
"свиная котлета на кости","1","1","PRODUCT_MISSING","","no accepted product or family evidence"
"свинина мякоть","1","0","PRODUCT_MISSING","","no accepted product or family evidence"
"свиной фарш","1","1","PRODUCT_MISSING","","no accepted product or family evidence"
"свиные копченые ребра","1","1","PRODUCT_MISSING","","no accepted product or family evidence"
"сезонные сырые овощи сельдерей цветная и краснокочанная капуста морковь эндивий помидоры болгарский перец огурцы также яйца вкрутую.","1","0","COMPOUND_INGREDIENT_LINE","","deterministic comma-separated compound"
"сейтан","1","1","PRODUCT_MISSING","","no accepted product or family evidence"
"семена кориандра","1","1","PRODUCT_MISSING","","no accepted product or family evidence"
"семена кумина зира","1","0","PRODUCT_MISSING","","no accepted product or family evidence"
"слабосоленый лосось","1","1","PRODUCT_MISSING","","no accepted product or family evidence"
"сладкий красный лук","1","1","PRODUCT_MISSING","","no accepted product or family evidence"
"сладкий соус чили","1","1","PRODUCT_MISSING","","no accepted product or family evidence"
"сливки 10% ные","1","1","PRODUCT_MISSING","","no accepted product or family evidence"
"сливки 20% ные","1","1","PRODUCT_MISSING","","no accepted product or family evidence"
"сливки 30% ные","1","1","PRODUCT_MISSING","","no accepted product or family evidence"
"сливки 33% ные","1","1","PRODUCT_MISSING","","no accepted product or family evidence"
"сливки 35% ные","1","1","PRODUCT_MISSING","","no accepted product or family evidence"
"сливки жирностью 10%","1","1","PRODUCT_MISSING","","no accepted product or family evidence"
"сливки жирностью 15%","1","1","PRODUCT_MISSING","","no accepted product or family evidence"
"сливки жирностью 20%","1","0","PRODUCT_MISSING","","no accepted product or family evidence"
"сливки жирностью 33%","1","0","PRODUCT_MISSING","","no accepted product or family evidence"
"сливки жирные","1","1","PRODUCT_MISSING","","no accepted product or family evidence"
"сливочное масло для подачи","1","0","PRODUCT_MISSING","","no accepted product or family evidence"
"сливочное масло размягченное","1","0","PRODUCT_MISSING","","no accepted product or family evidence"
"сливы","1","1","FORM_EXPLICIT_PRODUCT","слива","exact accepted form-specific product"
"слоеное тесто","1","1","PRODUCT_MISSING","","no accepted product or family evidence"
"смесь итальянских трав","1","1","PRODUCT_MISSING","","no accepted product or family evidence"
"смесь итальянских трав по вкусу","1","1","PRODUCT_MISSING","","no accepted product or family evidence"
"смесь итальянских трав по желанию","1","0","PRODUCT_MISSING","","no accepted product or family evidence"
"смесь молотых перцев щепотка","1","1","COMPOUND_INGREDIENT_LINE","","deterministic comma-separated compound"
"смесь перцев","1","1","PRODUCT_MISSING","","no accepted product or family evidence"
"смесь сушеных итальянских трав","1","1","PRODUCT_MISSING","","no accepted product or family evidence"
"сметана 15%","1","0","FORM_EXPLICIT_PRODUCT","сметана","exact accepted form-specific product"
"сметана 20% ная","1","1","PRODUCT_MISSING","","no accepted product or family evidence"
"сметана нежирная","1","0","PRODUCT_MISSING","","no accepted product or family evidence"
"сметана по желанию","1","0","PRODUCT_MISSING","","no accepted product or family evidence"
"смешанный фарш","1","1","PRODUCT_MISSING","","no accepted product or family evidence"
"сморчки","1","1","PRODUCT_MISSING","","no accepted product or family evidence"
"сода пищевая","1","1","PROCESS_INPUT","сода пищевая","process ingredient remains in accounting"
"сок лимона","1","1","PRODUCT_FAMILY_RESOLVED","лимонный сок","corpus-backed identity family; concrete product selection remains pending"
"соленые белые грибы","1","0","PRODUCT_MISSING","","no accepted product or family evidence"
"соленые огурцы","1","0","PRODUCT_MISSING","","no accepted product or family evidence"
"соль и перец черный молотый","1","1","PROCESS_INPUT","соль и перец черный","process ingredient remains in accounting"
"соль молотый перец","1","1","COMPOUND_INGREDIENT_LINE","","deterministic comma-separated compound"
"соль морская","1","1","PROCESS_INPUT","соль морская","process ingredient remains in accounting"
"соль перец зелень","1","1","COMPOUND_INGREDIENT_LINE","","deterministic comma-separated compound"
"соль поваренная","1","1","PROCESS_INPUT","соль поваренная","process ingredient remains in accounting"
"соус кимчи","1","1","PRODUCT_MISSING","","no accepted product or family evidence"
"соус соевый","1","1","PRODUCT_MISSING","","no accepted product or family evidence"
"соус спайси","1","1","PRODUCT_MISSING","","no accepted product or family evidence"
"соус терияки","1","1","PRODUCT_MISSING","","no accepted product or family evidence"
"специи по желанию","1","0","PROCESS_INPUT","специи по желанию","process ingredient remains in accounting"
"специи сухие любые","1","0","PROCESS_INPUT","специи сухие любые","process ingredient remains in accounting"
"сумах","1","1","PRODUCT_MISSING","","no accepted product or family evidence"
"сумах по вкусу","1","1","PRODUCT_MISSING","","no accepted product or family evidence"
"сухарики","1","1","PRODUCT_MISSING","","no accepted product or family evidence"
"сухие дрожжи","1","1","PRODUCT_MISSING","","no accepted product or family evidence"
"сухое белое вино","1","1","PRODUCT_MISSING","","no accepted product or family evidence"
"сушеный зеленый лук","1","0","PRODUCT_FAMILY_RESOLVED","зеленый лук","generic identity resolved without arbitrary variant selection"
"сушеный орегано","1","0","PRODUCT_FAMILY_RESOLVED","орегано","generic identity resolved without arbitrary variant selection"
"сушеный розмарин по вкусу","1","0","PRODUCT_FAMILY_RESOLVED","розмарин","generic identity resolved without arbitrary variant selection"
"сыр грюйер","1","1","PRODUCT_MISSING","","no accepted product or family evidence"
"сыр любой","1","1","PRODUCT_MISSING","","no accepted product or family evidence"
"сыр мини моцарелла","1","1","PRODUCT_MISSING","","no accepted product or family evidence"
"сыр плавленый","1","1","PRODUCT_MISSING","","no accepted product or family evidence"
"сыр сливочный","1","2","PRODUCT_MISSING","","no accepted product or family evidence"
"сыр сливочный мягкий","1","0","PRODUCT_MISSING","","no accepted product or family evidence"
"сыр страчателла","1","1","PRODUCT_MISSING","","no accepted product or family evidence"
"сыр сулугуни","1","1","PRODUCT_MISSING","","no accepted product or family evidence"
"сыр твердый российский","1","0","PRODUCT_MISSING","","no accepted product or family evidence"
"сыр фонтина","1","1","PRODUCT_MISSING","","no accepted product or family evidence"
"сыр чеддер","1","1","PRODUCT_MISSING","","no accepted product or family evidence"
"сырой кешью","1","1","PRODUCT_FAMILY_RESOLVED","кешью","corpus-backed identity family; concrete product selection remains pending"
"творог 5%","1","1","FORM_EXPLICIT_PRODUCT","творог","exact accepted form-specific product"
"творог 5% ный","1","1","PRODUCT_MISSING","","no accepted product or family evidence"
"творог 9% жирности","1","1","PRODUCT_MISSING","","no accepted product or family evidence"
"творог жирностью 5%","1","1","PRODUCT_MISSING","","no accepted product or family evidence"
"творог жирностью 9%","1","1","PRODUCT_MISSING","","no accepted product or family evidence"
"творог жирный","1","1","PRODUCT_MISSING","","no accepted product or family evidence"
"творог нежирный","1","0","PRODUCT_MISSING","","no accepted product or family evidence"
"творог однородный жирный","1","0","COMPOUND_INGREDIENT_LINE","","deterministic comma-separated compound"
"творожная масса с изюмом","1","1","PRODUCT_MISSING","","no accepted product or family evidence"
"телячий фарш","1","1","PRODUCT_MISSING","","no accepted product or family evidence"
"телячья вырезка","1","1","PRODUCT_MISSING","","no accepted product or family evidence"
"тертый имбирь","1","1","PRODUCT_MISSING","","no accepted product or family evidence"
"тертый сыр пармезан по вкусу","1","1","PRODUCT_MISSING","","no accepted product or family evidence"
"тигровые креветки","1","1","PRODUCT_MISSING","","no accepted product or family evidence"
"тимьян по вкусу","1","1","PRODUCT_FAMILY_RESOLVED","тимьян","generic identity resolved without arbitrary variant selection"
"томат паста","1","2","PRODUCT_MISSING","","no accepted product or family evidence"
"томат паста 1 упаковка","1","0","PRODUCT_MISSING","","no accepted product or family evidence"
"томатная паста 1 ст. ложка","1","1","PRODUCT_MISSING","","no accepted product or family evidence"
"томатная паста 25%","1","1","PRODUCT_FAMILY_RESOLVED","томатная паста","generic identity resolved without arbitrary variant selection"
"томатный соус с чили по вкусу","1","1","PRODUCT_MISSING","","no accepted product or family evidence"
"топленое масло","1","1","EXACT_PRODUCT","топленое масло","exact canonical product"
"тортильи","1","1","PRODUCT_MISSING","","no accepted product or family evidence"
"тосты","1","1","PRODUCT_MISSING","","no accepted product or family evidence"
"тофу","1","1","PRODUCT_MISSING","","no accepted product or family evidence"
"травы итальянские сухие","1","1","PRODUCT_MISSING","","no accepted product or family evidence"
"травы итальянские сушеные","1","1","PRODUCT_MISSING","","no accepted product or family evidence"
"тростниковый сахар","1","1","PRODUCT_MISSING","","no accepted product or family evidence"
"тушки кальмар а","1","1","PRODUCT_MISSING","","no accepted product or family evidence"
"тушки кальмар ов","1","1","PRODUCT_MISSING","","no accepted product or family evidence"
"тыквенное пюре","1","1","PRODUCT_MISSING","","no accepted product or family evidence"
"тыквенные семечки","1","1","PRODUCT_MISSING","","no accepted product or family evidence"
"укроп по вкусу","1","1","PRODUCT_FAMILY_RESOLVED","укроп","generic identity resolved without arbitrary variant selection"
"укроп сухой","1","1","PRODUCT_FAMILY_RESOLVED","укроп","corpus-backed identity family; concrete product selection remains pending"
"укроп сушеный","1","1","FORM_EXPLICIT_PRODUCT","укроп","exact accepted form-specific product"
"уксус любой","1","1","PROCESS_INPUT","уксус любой","process ingredient remains in accounting"
"уксус персиковый","1","1","PROCESS_INPUT","уксус персиковый","process ingredient remains in accounting"
"уцхо сунели","1","1","PRODUCT_MISSING","","no accepted product or family evidence"
"фарш из филе","1","1","PRODUCT_MISSING","","no accepted product or family evidence"
"фарш индейки","1","1","PRODUCT_MISSING","","no accepted product or family evidence"
"фарш свиной или говяжий","1","1","ALTERNATIVE_INGREDIENT_LINE","","deterministic alternative grammar"
"фарш смешанный","1","1","PRODUCT_MISSING","","no accepted product or family evidence"
"фасоль консервированная красная","1","1","PRODUCT_MISSING","","no accepted product or family evidence"
"фасоль стручковая","1","1","PRODUCT_MISSING","","no accepted product or family evidence"
"филе анчоусов соленое","1","1","PRODUCT_MISSING","","no accepted product or family evidence"
"филе грудки индейки","1","1","PRODUCT_MISSING","","no accepted product or family evidence"
"филе индейки","1","1","PRODUCT_MISSING","","no accepted product or family evidence"
"филе куриного бедра","1","1","PRODUCT_MISSING","","no accepted product or family evidence"
"филе куриное","1","1","PRODUCT_FAMILY_RESOLVED","филе","corpus-backed identity family; concrete product selection remains pending"
"филе минтая","1","1","PRODUCT_MISSING","","no accepted product or family evidence"
"филе морской белой рыбы пангасиус","1","0","PRODUCT_MISSING","","no accepted product or family evidence"
"филе рыбное","1","1","PRODUCT_MISSING","","no accepted product or family evidence"
"филе рыбы минтай","1","0","PRODUCT_MISSING","","no accepted product or family evidence"
"филе свинины","1","1","PRODUCT_MISSING","","no accepted product or family evidence"
"филе сибаса","1","1","PRODUCT_MISSING","","no accepted product or family evidence"
"филе хека","1","1","PRODUCT_MISSING","","no accepted product or family evidence"
"французский багет","1","1","PRODUCT_MISSING","","no accepted product or family evidence"
"фундук","1","1","PRODUCT_MISSING","","no accepted product or family evidence"
"фунчоза","1","1","PRODUCT_MISSING","","no accepted product or family evidence"
"хвосты креветок","1","1","PRODUCT_MISSING","","no accepted product or family evidence"
"хек","1","2","EXACT_PRODUCT","хек","exact canonical product"
"хек можно взять другую морскую рыбу или филе рыбы","1","0","ALTERNATIVE_INGREDIENT_LINE","","deterministic alternative grammar"
"хлеб","1","1","PRODUCT_FAMILY_RESOLVED","хлеб","corpus-backed identity family; concrete product selection remains pending"
"хлеб для тостов","1","1","PRODUCT_MISSING","","no accepted product or family evidence"
"хлеб по вкусу","1","1","PRODUCT_FAMILY_RESOLVED","хлеб","corpus-backed identity family; concrete product selection remains pending"
"хмели сунели по вкусу","1","1","PRODUCT_MISSING","","no accepted product or family evidence"
"хурма","1","1","EXACT_PRODUCT","хурма","exact canonical product"
"цедра апельсина","1","1","PRODUCT_MISSING","","no accepted product or family evidence"
"цесарка","1","1","PRODUCT_MISSING","","no accepted product or family evidence"
"цукини","1","1","PRODUCT_MISSING","","no accepted product or family evidence"
"цыпленок корнишон","1","1","PRODUCT_MISSING","","no accepted product or family evidence"
"черемша","1","1","PRODUCT_MISSING","","no accepted product or family evidence"
"черный кофе","1","1","PRODUCT_MISSING","","no accepted product or family evidence"
"черный хлеб","1","1","PRODUCT_MISSING","","no accepted product or family evidence"
"черствый ржаной хлеб","1","1","PRODUCT_MISSING","","no accepted product or family evidence"
"чеснок зелень","1","1","COMPOUND_INGREDIENT_LINE","","deterministic comma-separated compound"
"чеснок по вкусу","1","1","EXACT_PRODUCT","чеснок","exact canonical product"
"чеснок сухой","1","1","PRODUCT_FAMILY_RESOLVED","чеснок","generic identity resolved without arbitrary variant selection"
"чеснок сушеный","1","1","FORM_EXPLICIT_PRODUCT","чеснок","exact accepted form-specific product"
"чечевица","1","1","PRODUCT_FAMILY_RESOLVED","чечевица","generic identity resolved without arbitrary variant selection"
"чечевица любая","1","1","PRODUCT_MISSING","","no accepted product or family evidence"
"чили серрано","1","1","PRODUCT_MISSING","","no accepted product or family evidence"
"шафран","1","1","EXACT_PRODUCT","шафран","exact canonical product"
"шафран щепотка","1","1","COMPOUND_INGREDIENT_LINE","","deterministic comma-separated compound"
"шпик","1","1","PRODUCT_MISSING","","no accepted product or family evidence"
"щавель","1","1","PRODUCT_MISSING","","no accepted product or family evidence"
"ягодный сок","1","1","PRODUCT_MISSING","","no accepted product or family evidence"
"ягоды годжи","1","1","PRODUCT_MISSING","","no accepted product or family evidence"
"яичная лапша","1","1","PRODUCT_FAMILY_RESOLVED","яичная лапша","generic identity resolved without arbitrary variant selection"
"яйца 2 шт","1","1","PRODUCT_MISSING","","no accepted product or family evidence"
"яйца крупные","1","0","PRODUCT_MISSING","","no accepted product or family evidence"
"яйцо небольшое","1","0","PRODUCT_MISSING","","no accepted product or family evidence"
"яйцо с1","1","1","PRODUCT_MISSING","","no accepted product or family evidence"
"яйцо цесарки","1","1","PRODUCT_MISSING","","no accepted product or family evidence"
"tabasco по вкусу","1","1","PRODUCT_MISSING","","no accepted product or family evidence"
