clusterId,conceptName,requiredIngredient,identity,family,state,selectedProductId,quantity,unit,reason
"dcluster_06210e70a9392b5421aa0155","Рисовая каша с тыквой на молоке","Рис","Рис","step092_rice","EXACT_PRODUCT_ALREADY_RESOLVED","step092_rice","230","G","accepted resolver supplied concrete product with nutrition authority"
"dcluster_06210e70a9392b5421aa0155","Рисовая каша с тыквой на молоке","Вода","вода","вода","PROCESS_INPUT_ACCOUNTED","","650","ML","explicit non-purchased process medium"
"dcluster_06210e70a9392b5421aa0155","Рисовая каша с тыквой на молоке","Молоко","молоко","молоко","CANONICAL_FAMILY_DEFAULT_SELECTED","milk_2_5pct","600","ML","owner synthesis default recipe-synthesis-product-policy/v2 selected exact accepted Product"
"dcluster_06210e70a9392b5421aa0155","Рисовая каша с тыквой на молоке","Сахар","Сахар","sugar_white","EXACT_PRODUCT_ALREADY_RESOLVED","sugar_white","30","G","accepted resolver supplied concrete product with nutrition authority"
"dcluster_06210e70a9392b5421aa0155","Рисовая каша с тыквой на молоке","Сливочное масло","Сливочное масло","butter","EXACT_PRODUCT_ALREADY_RESOLVED","butter","50","G","accepted resolver supplied concrete product with nutrition authority"
"dcluster_06210e70a9392b5421aa0155","Рисовая каша с тыквой на молоке","Молоко","молоко","молоко","CANONICAL_FAMILY_DEFAULT_SELECTED","milk_2_5pct","600","ML","owner synthesis default recipe-synthesis-product-policy/v2 selected exact accepted Product"
"dcluster_06210e70a9392b5421aa0155","Рисовая каша с тыквой на молоке","Круглый рис","Круглый рис","round_rice_dry","EXACT_PRODUCT_ALREADY_RESOLVED","round_rice_dry","200","G","accepted resolver supplied concrete product with nutrition authority"
"dcluster_06210e70a9392b5421aa0155","Рисовая каша с тыквой на молоке","Сахар","Сахар","sugar_white","EXACT_PRODUCT_ALREADY_RESOLVED","sugar_white","2","","accepted resolver supplied concrete product with nutrition authority"
"dcluster_06210e70a9392b5421aa0155","Рисовая каша с тыквой на молоке","Сливочное масло","Сливочное масло","butter","EXACT_PRODUCT_ALREADY_RESOLVED","butter","40","G","accepted resolver supplied concrete product with nutrition authority"
"dcluster_06210e70a9392b5421aa0155","Рисовая каша с тыквой на молоке","Круглый рис","Круглый рис","round_rice_dry","EXACT_PRODUCT_ALREADY_RESOLVED","round_rice_dry","1","","accepted resolver supplied concrete product with nutrition authority"
"dcluster_06210e70a9392b5421aa0155","Рисовая каша с тыквой на молоке","Тыква","Тыква","pumpkin_raw","EXACT_PRODUCT_ALREADY_RESOLVED","pumpkin_raw","300","G","accepted resolver supplied concrete product with nutrition authority"
"dcluster_06210e70a9392b5421aa0155","Рисовая каша с тыквой на молоке","Вода","вода","вода","PROCESS_INPUT_ACCOUNTED","","2","","explicit non-purchased process medium"
"dcluster_06210e70a9392b5421aa0155","Рисовая каша с тыквой на молоке","Молоко","молоко","молоко","CANONICAL_FAMILY_DEFAULT_SELECTED","milk_2_5pct","1","","owner synthesis default recipe-synthesis-product-policy/v2 selected exact accepted Product"
"dcluster_06210e70a9392b5421aa0155","Рисовая каша с тыквой на молоке","Сахар","Сахар","sugar_white","EXACT_PRODUCT_ALREADY_RESOLVED","sugar_white","100","G","accepted resolver supplied concrete product with nutrition authority"
"dcluster_06210e70a9392b5421aa0155","Рисовая каша с тыквой на молоке","Сливочное масло","Сливочное масло","butter","EXACT_PRODUCT_ALREADY_RESOLVED","butter","50","G","accepted resolver supplied concrete product with nutrition authority"
"dcluster_06210e70a9392b5421aa0155","Рисовая каша с тыквой на молоке","Апельсиновая цедра","Апельсиновая цедра","","PRODUCT_CATALOG_GAP","","1","","no accepted compatible product remains after explicit evidence"
"dcluster_06210e70a9392b5421aa0155","Рисовая каша с тыквой на молоке","Рис круглый, непропаренный","Рис круглый, непропаренный","round_rice_dry","EXACT_PRODUCT_ALREADY_RESOLVED","round_rice_dry","200","G","accepted resolver supplied concrete product with nutrition authority"
"dcluster_06210e70a9392b5421aa0155","Рисовая каша с тыквой на молоке","Вода","вода","вода","PROCESS_INPUT_ACCOUNTED","","400","ML","explicit non-purchased process medium"
"dcluster_06210e70a9392b5421aa0155","Рисовая каша с тыквой на молоке","Молоко","молоко","молоко","CANONICAL_FAMILY_DEFAULT_SELECTED","milk_2_5pct","400","","owner synthesis default recipe-synthesis-product-policy/v2 selected exact accepted Product"
"dcluster_06210e70a9392b5421aa0155","Рисовая каша с тыквой на молоке","Соль","соль","соль","CANONICAL_FAMILY_DEFAULT_SELECTED","salt_table","1","SHCHIPOTKA","owner synthesis default recipe-synthesis-product-policy/v2 selected exact accepted Product"
"dcluster_06210e70a9392b5421aa0155","Рисовая каша с тыквой на молоке","Масло сливочное","масло сливочное","масло сливочное","SINGLE_COMPATIBLE_PRODUCT_SELECTED","butter_72pct","","","exactly one semantically compatible catalog product"
"dcluster_87b96a2fc22b24da2b6baa44","Нежный омлет с помидорами","Куриное яйцо","Куриное яйцо","step092_eggs","EXACT_PRODUCT_ALREADY_RESOLVED","step092_eggs","3","SHT","accepted resolver supplied concrete product with nutrition authority"
"dcluster_87b96a2fc22b24da2b6baa44","Нежный омлет с помидорами","Помидоры","Помидоры","tomato_raw","EXACT_PRODUCT_ALREADY_RESOLVED","tomato_raw","2","SHT","accepted resolver supplied concrete product with nutrition authority"
"dcluster_87b96a2fc22b24da2b6baa44","Нежный омлет с помидорами","Подсолнечное масло","Подсолнечное масло","sunflower_oil","EXACT_PRODUCT_ALREADY_RESOLVED","sunflower_oil","2","STOL_L","accepted resolver supplied concrete product with nutrition authority"
"dcluster_87b96a2fc22b24da2b6baa44","Нежный омлет с помидорами","Помидоры свежие","Помидоры свежие","tomato_raw","EXACT_PRODUCT_ALREADY_RESOLVED","tomato_raw","1","SHT","accepted resolver supplied concrete product with nutrition authority"
"dcluster_87b96a2fc22b24da2b6baa44","Нежный омлет с помидорами","Яйца","яйца","яйца","SINGLE_COMPATIBLE_PRODUCT_SELECTED","step092_eggs","3","SHT","exactly one semantically compatible catalog product"
"dcluster_87b96a2fc22b24da2b6baa44","Нежный омлет с помидорами","Сыр твердый","сыр твердый","сыр твердый","SINGLE_COMPATIBLE_PRODUCT_SELECTED","hard_cheese_45pct","50","G","exactly one semantically compatible catalog product"
"dcluster_87b96a2fc22b24da2b6baa44","Нежный омлет с помидорами","Молоко","молоко","молоко","CANONICAL_FAMILY_DEFAULT_SELECTED","milk_2_5pct","3","","owner synthesis default recipe-synthesis-product-policy/v2 selected exact accepted Product"
"dcluster_87b96a2fc22b24da2b6baa44","Нежный омлет с помидорами","Масло растительное (сливочное)","Масло растительное (сливочное)","","PRODUCT_CATALOG_GAP","","2","","no accepted compatible product remains after explicit evidence"
"dcluster_59671113703c6c5ee9faa0f1","Салат Цезарь классический с курицей","Филе куриной грудки","Филе куриной грудки","chicken_breast_raw","EXACT_PRODUCT_ALREADY_RESOLVED","chicken_breast_raw","2","SHT","accepted resolver supplied concrete product with nutrition authority"
"dcluster_59671113703c6c5ee9faa0f1","Салат Цезарь классический с курицей","Салат ромен","Салат ромен","romaine_lettuce_raw","EXACT_PRODUCT_ALREADY_RESOLVED","romaine_lettuce_raw","300","G","accepted resolver supplied concrete product with nutrition authority"
"dcluster_59671113703c6c5ee9faa0f1","Салат Цезарь классический с курицей","Красный сладкий перец","Красный сладкий перец","bell_pepper_raw","EXACT_PRODUCT_ALREADY_RESOLVED","bell_pepper_raw","1","SHT","accepted resolver supplied concrete product with nutrition authority"
"dcluster_59671113703c6c5ee9faa0f1","Салат Цезарь классический с курицей","Белый хлеб","Белый хлеб","wheat_bread","EXACT_PRODUCT_ALREADY_RESOLVED","wheat_bread","0.5","SHT","accepted resolver supplied concrete product with nutrition authority"
"dcluster_59671113703c6c5ee9faa0f1","Салат Цезарь классический с курицей","Куриное яйцо","Куриное яйцо","step092_eggs","EXACT_PRODUCT_ALREADY_RESOLVED","step092_eggs","4","SHT","accepted resolver supplied concrete product with nutrition authority"
"dcluster_59671113703c6c5ee9faa0f1","Салат Цезарь классический с курицей","Оливковое масло","Оливковое масло","olive_oil","EXACT_PRODUCT_ALREADY_RESOLVED","olive_oil","7","","accepted resolver supplied concrete product with nutrition authority"
"dcluster_59671113703c6c5ee9faa0f1","Салат Цезарь классический с курицей","Чеснок","Чеснок","garlic_raw","EXACT_PRODUCT_ALREADY_RESOLVED","garlic_raw","2","ZUBCHIK","accepted resolver supplied concrete product with nutrition authority"
"dcluster_59671113703c6c5ee9faa0f1","Салат Цезарь классический с курицей","Горчица","Горчица","mustard_ready","EXACT_PRODUCT_ALREADY_RESOLVED","mustard_ready","2","CHAYN_L","accepted resolver supplied concrete product with nutrition authority"
"dcluster_59671113703c6c5ee9faa0f1","Салат Цезарь классический с курицей","Вустерширский соус","Вустерширский соус","","PRODUCT_CATALOG_GAP","","1","CHAYN_L","no accepted compatible product remains after explicit evidence"
"dcluster_59671113703c6c5ee9faa0f1","Салат Цезарь классический с курицей","Лимонный сок","лимонный сок","лимонный сок","PRODUCT_CATALOG_GAP","","1","STOL_L","no accepted compatible product remains after explicit evidence"
"dcluster_59671113703c6c5ee9faa0f1","Салат Цезарь классический с курицей","Орегано,  щепотка","орегано","орегано","SINGLE_COMPATIBLE_PRODUCT_SELECTED","oregano_dried","","","exactly one semantically compatible catalog product"
"dcluster_59671113703c6c5ee9faa0f1","Салат Цезарь классический с курицей","Каперсы","Каперсы","capers_pickled","EXACT_PRODUCT_ALREADY_RESOLVED","capers_pickled","1","CHAYN_L","accepted resolver supplied concrete product with nutrition authority"
"dcluster_59671113703c6c5ee9faa0f1","Салат Цезарь классический с курицей","Тертый сыр пармезан","Тертый сыр пармезан","parmesan_hard","EXACT_PRODUCT_ALREADY_RESOLVED","parmesan_hard","100","G","accepted resolver supplied concrete product with nutrition authority"
"dcluster_59671113703c6c5ee9faa0f1","Салат Цезарь классический с курицей","Салат Айсберг","Салат Айсберг","iceberg_lettuce_raw","EXACT_PRODUCT_ALREADY_RESOLVED","iceberg_lettuce_raw","400","G","accepted resolver supplied concrete product with nutrition authority"
"dcluster_59671113703c6c5ee9faa0f1","Салат Цезарь классический с курицей","Куриное филе","Куриное филе","chicken_breast_raw","EXACT_PRODUCT_ALREADY_RESOLVED","chicken_breast_raw","280","G","accepted resolver supplied concrete product with nutrition authority"
"dcluster_59671113703c6c5ee9faa0f1","Салат Цезарь классический с курицей","Помидоры черри","Помидоры черри","tomato_cherry_raw","EXACT_PRODUCT_ALREADY_RESOLVED","tomato_cherry_raw","10","SHT","accepted resolver supplied concrete product with nutrition authority"
"dcluster_59671113703c6c5ee9faa0f1","Салат Цезарь классический с курицей","Батон","Батон","wheat_bread","EXACT_PRODUCT_ALREADY_RESOLVED","wheat_bread","220","G","accepted resolver supplied concrete product with nutrition authority"
"dcluster_59671113703c6c5ee9faa0f1","Салат Цезарь классический с курицей","Пармезан","Пармезан","parmesan_hard","EXACT_PRODUCT_ALREADY_RESOLVED","parmesan_hard","80","G","accepted resolver supplied concrete product with nutrition authority"
"dcluster_59671113703c6c5ee9faa0f1","Салат Цезарь классический с курицей","Чеснок","Чеснок","garlic_raw","EXACT_PRODUCT_ALREADY_RESOLVED","garlic_raw","1","","accepted resolver supplied concrete product with nutrition authority"
"dcluster_59671113703c6c5ee9faa0f1","Салат Цезарь классический с курицей","Растительное масло","растительное масло","растительное масло","CANONICAL_FAMILY_DEFAULT_SELECTED","sunflower_oil","1","","owner synthesis default recipe-synthesis-product-policy/v2 selected exact accepted Product"
"dcluster_59671113703c6c5ee9faa0f1","Салат Цезарь классический с курицей","Оливковое масло","Оливковое масло","olive_oil","EXACT_PRODUCT_ALREADY_RESOLVED","olive_oil","60","ML","accepted resolver supplied concrete product with nutrition authority"
"dcluster_59671113703c6c5ee9faa0f1","Салат Цезарь классический с курицей","Пармезан","Пармезан","parmesan_hard","EXACT_PRODUCT_ALREADY_RESOLVED","parmesan_hard","20","G","accepted resolver supplied concrete product with nutrition authority"
"dcluster_59671113703c6c5ee9faa0f1","Салат Цезарь классический с курицей","Яйца","яйца","яйца","SINGLE_COMPATIBLE_PRODUCT_SELECTED","step092_eggs","1","SHT","exactly one semantically compatible catalog product"
"dcluster_59671113703c6c5ee9faa0f1","Салат Цезарь классический с курицей","Горчица","Горчица","mustard_ready","EXACT_PRODUCT_ALREADY_RESOLVED","mustard_ready","2","","accepted resolver supplied concrete product with nutrition authority"
"dcluster_59671113703c6c5ee9faa0f1","Салат Цезарь классический с курицей","Чеснок","Чеснок","garlic_raw","EXACT_PRODUCT_ALREADY_RESOLVED","garlic_raw","1","","accepted resolver supplied concrete product with nutrition authority"
"dcluster_59671113703c6c5ee9faa0f1","Салат Цезарь классический с курицей","Сахар","Сахар","sugar_white","EXACT_PRODUCT_ALREADY_RESOLVED","sugar_white","1","","accepted resolver supplied concrete product with nutrition authority"
"dcluster_59671113703c6c5ee9faa0f1","Салат Цезарь классический с курицей","Соль","соль","соль","CANONICAL_FAMILY_DEFAULT_SELECTED","salt_table","0.5","","owner synthesis default recipe-synthesis-product-policy/v2 selected exact accepted Product"
"dcluster_d526f4ecacd2fb418fd6611f","Гречка с тушенкой на сковороде","Гречка","Гречка","step093_buckwheat","EXACT_PRODUCT_ALREADY_RESOLVED","step093_buckwheat","220","G","accepted resolver supplied concrete product with nutrition authority"
"dcluster_d526f4ecacd2fb418fd6611f","Гречка с тушенкой на сковороде","Вода","вода","вода","PROCESS_INPUT_ACCOUNTED","","500","ML","explicit non-purchased process medium"
"dcluster_d526f4ecacd2fb418fd6611f","Гречка с тушенкой на сковороде","Тушенка","Тушенка","","PRODUCT_CATALOG_GAP","","500","G","no accepted compatible product remains after explicit evidence"
"dcluster_d526f4ecacd2fb418fd6611f","Гречка с тушенкой на сковороде","Морковь","Морковь","carrot","EXACT_PRODUCT_ALREADY_RESOLVED","carrot","1","SHT","accepted resolver supplied concrete product with nutrition authority"
"dcluster_d526f4ecacd2fb418fd6611f","Гречка с тушенкой на сковороде","Лук","Лук","","PRODUCT_SELECTION_PENDING","","1","SHT","multiple semantically valid products remain; no arbitrary variant is selected"
"dcluster_d526f4ecacd2fb418fd6611f","Гречка с тушенкой на сковороде","Подсолнечное масло","Подсолнечное масло","sunflower_oil","EXACT_PRODUCT_ALREADY_RESOLVED","sunflower_oil","2","","accepted resolver supplied concrete product with nutrition authority"
"dcluster_d526f4ecacd2fb418fd6611f","Гречка с тушенкой на сковороде","Сливочное масло","Сливочное масло","butter","EXACT_PRODUCT_ALREADY_RESOLVED","butter","1","","accepted resolver supplied concrete product with nutrition authority"
"dcluster_d526f4ecacd2fb418fd6611f","Гречка с тушенкой на сковороде","Лавровый лист","лавровый лист","лавровый лист","SINGLE_COMPATIBLE_PRODUCT_SELECTED","bay_leaf","2","SHT","exactly one semantically compatible catalog product"
"dcluster_d526f4ecacd2fb418fd6611f","Гречка с тушенкой на сковороде","Гречка","Гречка","step093_buckwheat","EXACT_PRODUCT_ALREADY_RESOLVED","step093_buckwheat","200","G","accepted resolver supplied concrete product with nutrition authority"
"dcluster_d526f4ecacd2fb418fd6611f","Гречка с тушенкой на сковороде","Лук репчатый","Лук репчатый","onion","EXACT_PRODUCT_ALREADY_RESOLVED","onion","1","SHT","accepted resolver supplied concrete product with nutrition authority"
"dcluster_d526f4ecacd2fb418fd6611f","Гречка с тушенкой на сковороде","Морковь","Морковь","carrot","EXACT_PRODUCT_ALREADY_RESOLVED","carrot","1","SHT","accepted resolver supplied concrete product with nutrition authority"
"dcluster_d526f4ecacd2fb418fd6611f","Гречка с тушенкой на сковороде","Перец болгарский","Перец болгарский","bell_pepper_raw","EXACT_PRODUCT_ALREADY_RESOLVED","bell_pepper_raw","1","SHT","accepted resolver supplied concrete product with nutrition authority"
"dcluster_d526f4ecacd2fb418fd6611f","Гречка с тушенкой на сковороде","Баклажан","Баклажан","eggplant_raw","EXACT_PRODUCT_ALREADY_RESOLVED","eggplant_raw","1","SHT","accepted resolver supplied concrete product with nutrition authority"
"dcluster_d526f4ecacd2fb418fd6611f","Гречка с тушенкой на сковороде","Помидор","Помидор","tomato_raw","EXACT_PRODUCT_ALREADY_RESOLVED","tomato_raw","1","SHT","accepted resolver supplied concrete product with nutrition authority"
"dcluster_d526f4ecacd2fb418fd6611f","Гречка с тушенкой на сковороде","Фасоль стручковая","Фасоль стручковая","green_beans_raw","EXACT_PRODUCT_ALREADY_RESOLVED","green_beans_raw","100","G","accepted resolver supplied concrete product with nutrition authority"
"dcluster_d526f4ecacd2fb418fd6611f","Гречка с тушенкой на сковороде","Капуста цветная","Капуста цветная","cauliflower_raw","EXACT_PRODUCT_ALREADY_RESOLVED","cauliflower_raw","100","G","accepted resolver supplied concrete product with nutrition authority"
"dcluster_d526f4ecacd2fb418fd6611f","Гречка с тушенкой на сковороде","Масло растительное","растительное масло","растительное масло","CANONICAL_FAMILY_DEFAULT_SELECTED","sunflower_oil","2","STOL_L","owner synthesis default recipe-synthesis-product-policy/v2 selected exact accepted Product"
"dcluster_dee30d212ed619dffc49d6e1","Куриные котлеты на сковороде","Куриное филе","Куриное филе","chicken_breast_raw","EXACT_PRODUCT_ALREADY_RESOLVED","chicken_breast_raw","800","G","accepted resolver supplied concrete product with nutrition authority"
"dcluster_dee30d212ed619dffc49d6e1","Куриные котлеты на сковороде","Лук","Лук","","PRODUCT_SELECTION_PENDING","","300","G","multiple semantically valid products remain; no arbitrary variant is selected"
"dcluster_dee30d212ed619dffc49d6e1","Куриные котлеты на сковороде","Яйца","яйца","яйца","SINGLE_COMPATIBLE_PRODUCT_SELECTED","step092_eggs","1","SHT","exactly one semantically compatible catalog product"
"dcluster_dee30d212ed619dffc49d6e1","Куриные котлеты на сковороде","Растительное масло","растительное масло","растительное масло","CANONICAL_FAMILY_DEFAULT_SELECTED","sunflower_oil","60","G","owner synthesis default recipe-synthesis-product-policy/v2 selected exact accepted Product"
"dcluster_dee30d212ed619dffc49d6e1","Куриные котлеты на сковороде","Панировочные сухари","Панировочные сухари","bread_crumbs_dry","EXACT_PRODUCT_ALREADY_RESOLVED","bread_crumbs_dry","100","G","accepted resolver supplied concrete product with nutrition authority"
"dcluster_dee30d212ed619dffc49d6e1","Куриные котлеты на сковороде","Куриный фарш","Куриный фарш","","PRODUCT_CATALOG_GAP","","500","G","no accepted compatible product remains after explicit evidence"
"dcluster_dee30d212ed619dffc49d6e1","Куриные котлеты на сковороде","Манная крупа","Манная крупа","semolina_dry","EXACT_PRODUCT_ALREADY_RESOLVED","semolina_dry","3","STOL_L","accepted resolver supplied concrete product with nutrition authority"
"dcluster_dee30d212ed619dffc49d6e1","Куриные котлеты на сковороде","Лук","Лук","","PRODUCT_SELECTION_PENDING","","1","SHT","multiple semantically valid products remain; no arbitrary variant is selected"
"dcluster_dee30d212ed619dffc49d6e1","Куриные котлеты на сковороде","Зелень","зелень","зелень","PRODUCT_CATALOG_GAP","","2","","no accepted compatible product remains after explicit evidence"
"dcluster_dee30d212ed619dffc49d6e1","Куриные котлеты на сковороде","Яйцо","яйцо","яйцо","PRODUCT_SELECTION_PENDING","","1","SHT","multiple semantically valid products remain; no arbitrary variant is selected"
"dcluster_dee30d212ed619dffc49d6e1","Куриные котлеты на сковороде","Горчица","Горчица","mustard_ready","EXACT_PRODUCT_ALREADY_RESOLVED","mustard_ready","1","STOL_L","accepted resolver supplied concrete product with nutrition authority"
"dcluster_dee30d212ed619dffc49d6e1","Куриные котлеты на сковороде","Сливочное масло","Сливочное масло","butter","EXACT_PRODUCT_ALREADY_RESOLVED","butter","30","G","accepted resolver supplied concrete product with nutrition authority"
"dcluster_dee30d212ed619dffc49d6e1","Куриные котлеты на сковороде","Мука","мука","мука","CANONICAL_FAMILY_DEFAULT_SELECTED","wheat_flour","","","owner synthesis default recipe-synthesis-product-policy/v2 selected exact accepted Product"
"dcluster_dee30d212ed619dffc49d6e1","Куриные котлеты на сковороде","Растительное масло","растительное масло","растительное масло","CANONICAL_FAMILY_DEFAULT_SELECTED","sunflower_oil","","","owner synthesis default recipe-synthesis-product-policy/v2 selected exact accepted Product"
"dcluster_8c521f996b1e8844f530ff12","Жульен с курицей и грибами в духовке","Куриное филе","Куриное филе","chicken_breast_raw","EXACT_PRODUCT_ALREADY_RESOLVED","chicken_breast_raw","600","G","accepted resolver supplied concrete product with nutrition authority"
"dcluster_8c521f996b1e8844f530ff12","Жульен с курицей и грибами в духовке","Шампиньоны","Шампиньоны","mushroom_champignon_raw","EXACT_PRODUCT_ALREADY_RESOLVED","mushroom_champignon_raw","300","G","accepted resolver supplied concrete product with nutrition authority"
"dcluster_8c521f996b1e8844f530ff12","Жульен с курицей и грибами в духовке","Сметана","сметана","сметана","CANONICAL_FAMILY_DEFAULT_SELECTED","sour_cream_15pct","400","G","owner synthesis default recipe-synthesis-product-policy/v2 selected exact accepted Product"
"dcluster_8c521f996b1e8844f530ff12","Жульен с курицей и грибами в духовке","Твёрдый сыр","Твёрдый сыр","hard_cheese_45pct","EXACT_PRODUCT_ALREADY_RESOLVED","hard_cheese_45pct","100","G","accepted resolver supplied concrete product with nutrition authority"
"dcluster_8c521f996b1e8844f530ff12","Жульен с курицей и грибами в духовке","Оливковое масло","Оливковое масло","olive_oil","EXACT_PRODUCT_ALREADY_RESOLVED","olive_oil","2","","accepted resolver supplied concrete product with nutrition authority"
"dcluster_8c521f996b1e8844f530ff12","Жульен с курицей и грибами в духовке","Куриное филе","Куриное филе","chicken_breast_raw","EXACT_PRODUCT_ALREADY_RESOLVED","chicken_breast_raw","400","G","accepted resolver supplied concrete product with nutrition authority"
"dcluster_8c521f996b1e8844f530ff12","Жульен с курицей и грибами в духовке","Рис","Рис","step092_rice","EXACT_PRODUCT_ALREADY_RESOLVED","step092_rice","170","G","accepted resolver supplied concrete product with nutrition authority"
"dcluster_8c521f996b1e8844f530ff12","Жульен с курицей и грибами в духовке","Шампиньоны","Шампиньоны","mushroom_champignon_raw","EXACT_PRODUCT_ALREADY_RESOLVED","mushroom_champignon_raw","150","G","accepted resolver supplied concrete product with nutrition authority"
"dcluster_8c521f996b1e8844f530ff12","Жульен с курицей и грибами в духовке","Сыр твёрдый","сыр твердый","сыр твердый","SINGLE_COMPATIBLE_PRODUCT_SELECTED","hard_cheese_45pct","150","G","exactly one semantically compatible catalog product"
"dcluster_8c521f996b1e8844f530ff12","Жульен с курицей и грибами в духовке","Лук репчатый","Лук репчатый","onion","EXACT_PRODUCT_ALREADY_RESOLVED","onion","130","","accepted resolver supplied concrete product with nutrition authority"
"dcluster_8c521f996b1e8844f530ff12","Жульен с курицей и грибами в духовке","Майонез","Майонез","mayonnaise","EXACT_PRODUCT_ALREADY_RESOLVED","mayonnaise","100","G","accepted resolver supplied concrete product with nutrition authority"
"dcluster_f56bdfce184d826f0612295b","Омлет на кефире на сковороде","Яйца","яйца","яйца","SINGLE_COMPATIBLE_PRODUCT_SELECTED","step092_eggs","2","SHT","exactly one semantically compatible catalog product"
"dcluster_f56bdfce184d826f0612295b","Омлет на кефире на сковороде","Твёрдый сыр","Твёрдый сыр","hard_cheese_45pct","EXACT_PRODUCT_ALREADY_RESOLVED","hard_cheese_45pct","30","G","accepted resolver supplied concrete product with nutrition authority"
"dcluster_f56bdfce184d826f0612295b","Омлет на кефире на сковороде","Петрушка","Петрушка","parsley_raw","EXACT_PRODUCT_ALREADY_RESOLVED","parsley_raw","10","G","accepted resolver supplied concrete product with nutrition authority"
"dcluster_f56bdfce184d826f0612295b","Омлет на кефире на сковороде","Кефир","кефир","кефир","CANONICAL_FAMILY_DEFAULT_SELECTED","kefir_2_5pct","3","","owner synthesis default recipe-synthesis-product-policy/v2 selected exact accepted Product"
"dcluster_f56bdfce184d826f0612295b","Омлет на кефире на сковороде","Растительное масло","растительное масло","растительное масло","CANONICAL_FAMILY_DEFAULT_SELECTED","sunflower_oil","1","","owner synthesis default recipe-synthesis-product-policy/v2 selected exact accepted Product"
"dcluster_f56bdfce184d826f0612295b","Омлет на кефире на сковороде","Пшеничная мука","Пшеничная мука","wheat_flour","EXACT_PRODUCT_ALREADY_RESOLVED","wheat_flour","1","","accepted resolver supplied concrete product with nutrition authority"
"dcluster_f56bdfce184d826f0612295b","Омлет на кефире на сковороде","Яйца","яйца","яйца","SINGLE_COMPATIBLE_PRODUCT_SELECTED","step092_eggs","2","SHT","exactly one semantically compatible catalog product"
"dcluster_f56bdfce184d826f0612295b","Омлет на кефире на сковороде","Масло","масло","масло","PRODUCT_SELECTION_PENDING","","","","multiple semantically valid products remain; no arbitrary variant is selected"
"dcluster_6e5245d7ad0ff5db0075c6bb","Творожная запеканка с манкой и сметаной","Творог","Творог","cottage_cheese_5pct","EXACT_PRODUCT_ALREADY_RESOLVED","cottage_cheese_5pct","600","G","accepted resolver supplied concrete product with nutrition authority"
"dcluster_6e5245d7ad0ff5db0075c6bb","Творожная запеканка с манкой и сметаной","Сметана","сметана","сметана","PRODUCT_SELECTION_PENDING","","150","G","multiple semantically valid products remain; no arbitrary variant is selected"
"dcluster_6e5245d7ad0ff5db0075c6bb","Творожная запеканка с манкой и сметаной","Яйца","яйца","яйца","SINGLE_COMPATIBLE_PRODUCT_SELECTED","step092_eggs","3","SHT","exactly one semantically compatible catalog product"
"dcluster_6e5245d7ad0ff5db0075c6bb","Творожная запеканка с манкой и сметаной","Сахар","Сахар","sugar_white","EXACT_PRODUCT_ALREADY_RESOLVED","sugar_white","4","","accepted resolver supplied concrete product with nutrition authority"
"dcluster_6e5245d7ad0ff5db0075c6bb","Творожная запеканка с манкой и сметаной","Манка","Манка","semolina_dry","EXACT_PRODUCT_ALREADY_RESOLVED","semolina_dry","4","","accepted resolver supplied concrete product with nutrition authority"
"dcluster_6e5245d7ad0ff5db0075c6bb","Творожная запеканка с манкой и сметаной","Сода","сода","сода","SINGLE_COMPATIBLE_PRODUCT_SELECTED","baking_soda","1","","exactly one semantically compatible catalog product"
"dcluster_6e5245d7ad0ff5db0075c6bb","Творожная запеканка с манкой и сметаной","Ванилин","ванилин","ванилин","PRODUCT_CATALOG_GAP","","0.25","","no accepted compatible product remains after explicit evidence"
"dcluster_6e5245d7ad0ff5db0075c6bb","Творожная запеканка с манкой и сметаной","Сливочное масло","Сливочное масло","butter","EXACT_PRODUCT_ALREADY_RESOLVED","butter","1","","accepted resolver supplied concrete product with nutrition authority"
"dcluster_6e5245d7ad0ff5db0075c6bb","Творожная запеканка с манкой и сметаной","Манка","Манка","semolina_dry","EXACT_PRODUCT_ALREADY_RESOLVED","semolina_dry","1","","accepted resolver supplied concrete product with nutrition authority"
"dcluster_6e5245d7ad0ff5db0075c6bb","Творожная запеканка с манкой и сметаной","Творог","Творог","cottage_cheese_5pct","EXACT_PRODUCT_ALREADY_RESOLVED","cottage_cheese_5pct","500","G","accepted resolver supplied concrete product with nutrition authority"
"dcluster_6e5245d7ad0ff5db0075c6bb","Творожная запеканка с манкой и сметаной","Манка","Манка","semolina_dry","EXACT_PRODUCT_ALREADY_RESOLVED","semolina_dry","100","G","accepted resolver supplied concrete product with nutrition authority"
"dcluster_6e5245d7ad0ff5db0075c6bb","Творожная запеканка с манкой и сметаной","Сахар","Сахар","sugar_white","EXACT_PRODUCT_ALREADY_RESOLVED","sugar_white","100","G","accepted resolver supplied concrete product with nutrition authority"
"dcluster_6e5245d7ad0ff5db0075c6bb","Творожная запеканка с манкой и сметаной","Сливочное масло","Сливочное масло","butter","EXACT_PRODUCT_ALREADY_RESOLVED","butter","50","G","accepted resolver supplied concrete product with nutrition authority"
"dcluster_6e5245d7ad0ff5db0075c6bb","Творожная запеканка с манкой и сметаной","Молоко","молоко","молоко","PRODUCT_SELECTION_PENDING","","50","ML","multiple semantically valid products remain; no arbitrary variant is selected"
"dcluster_6e5245d7ad0ff5db0075c6bb","Творожная запеканка с манкой и сметаной","Яйца","яйца","яйца","SINGLE_COMPATIBLE_PRODUCT_SELECTED","step092_eggs","2","SHT","exactly one semantically compatible catalog product"
"dcluster_6e5245d7ad0ff5db0075c6bb","Творожная запеканка с манкой и сметаной","Творог","Творог","cottage_cheese_5pct","EXACT_PRODUCT_ALREADY_RESOLVED","cottage_cheese_5pct","400","G","accepted resolver supplied concrete product with nutrition authority"
"dcluster_6e5245d7ad0ff5db0075c6bb","Творожная запеканка с манкой и сметаной","Яйца","яйца","яйца","SINGLE_COMPATIBLE_PRODUCT_SELECTED","step092_eggs","2","SHT","exactly one semantically compatible catalog product"
"dcluster_6e5245d7ad0ff5db0075c6bb","Творожная запеканка с манкой и сметаной","Сахар","Сахар","sugar_white","EXACT_PRODUCT_ALREADY_RESOLVED","sugar_white","3","","accepted resolver supplied concrete product with nutrition authority"
"dcluster_6e5245d7ad0ff5db0075c6bb","Творожная запеканка с манкой и сметаной","Манка","Манка","semolina_dry","EXACT_PRODUCT_ALREADY_RESOLVED","semolina_dry","3","","accepted resolver supplied concrete product with nutrition authority"
"dcluster_6e5245d7ad0ff5db0075c6bb","Творожная запеканка с манкой и сметаной","Сливочное масло","Сливочное масло","butter","EXACT_PRODUCT_ALREADY_RESOLVED","butter","100","G","accepted resolver supplied concrete product with nutrition authority"
"dcluster_6e5245d7ad0ff5db0075c6bb","Творожная запеканка с манкой и сметаной","Сметана","сметана","сметана","PRODUCT_SELECTION_PENDING","","100","G","multiple semantically valid products remain; no arbitrary variant is selected"
"dcluster_6e5245d7ad0ff5db0075c6bb","Творожная запеканка с манкой и сметаной","Соль","соль","соль","PRODUCT_SELECTION_PENDING","","1","G","multiple semantically valid products remain; no arbitrary variant is selected"
"dcluster_6e5245d7ad0ff5db0075c6bb","Творожная запеканка с манкой и сметаной","Вишня","Вишня","cherry_raw","EXACT_PRODUCT_ALREADY_RESOLVED","cherry_raw","100","G","accepted resolver supplied concrete product with nutrition authority"
"dcluster_6e5245d7ad0ff5db0075c6bb","Творожная запеканка с манкой и сметаной","Яйца","яйца","яйца","SINGLE_COMPATIBLE_PRODUCT_SELECTED","step092_eggs","1","SHT","exactly one semantically compatible catalog product"
"dcluster_6e5245d7ad0ff5db0075c6bb","Творожная запеканка с манкой и сметаной","Сметана","сметана","сметана","PRODUCT_SELECTION_PENDING","","300","G","multiple semantically valid products remain; no arbitrary variant is selected"
"dcluster_6e5245d7ad0ff5db0075c6bb","Творожная запеканка с манкой и сметаной","Сахар","Сахар","sugar_white","EXACT_PRODUCT_ALREADY_RESOLVED","sugar_white","50","G","accepted resolver supplied concrete product with nutrition authority"
"dcluster_6e5245d7ad0ff5db0075c6bb","Творожная запеканка с манкой и сметаной","Крахмал","крахмал","крахмал","PRODUCT_SELECTION_PENDING","","1","","multiple semantically valid products remain; no arbitrary variant is selected"
"dcluster_6e5245d7ad0ff5db0075c6bb","Творожная запеканка с манкой и сметаной","Творог","Творог","cottage_cheese_5pct","EXACT_PRODUCT_ALREADY_RESOLVED","cottage_cheese_5pct","1","KG","accepted resolver supplied concrete product with nutrition authority"
"dcluster_6e5245d7ad0ff5db0075c6bb","Творожная запеканка с манкой и сметаной","Яйца","яйца","яйца","SINGLE_COMPATIBLE_PRODUCT_SELECTED","step092_eggs","5","SHT","exactly one semantically compatible catalog product"
"dcluster_6e5245d7ad0ff5db0075c6bb","Творожная запеканка с манкой и сметаной","Сахар","Сахар","sugar_white","EXACT_PRODUCT_ALREADY_RESOLVED","sugar_white","150","G","accepted resolver supplied concrete product with nutrition authority"
"dcluster_6e5245d7ad0ff5db0075c6bb","Творожная запеканка с манкой и сметаной","Соль","соль","соль","PRODUCT_SELECTION_PENDING","","1","G","multiple semantically valid products remain; no arbitrary variant is selected"
"dcluster_6e5245d7ad0ff5db0075c6bb","Творожная запеканка с манкой и сметаной","Манка","Манка","semolina_dry","EXACT_PRODUCT_ALREADY_RESOLVED","semolina_dry","4","","accepted resolver supplied concrete product with nutrition authority"
"dcluster_6e5245d7ad0ff5db0075c6bb","Творожная запеканка с манкой и сметаной","Сода","сода","сода","SINGLE_COMPATIBLE_PRODUCT_SELECTED","baking_soda","1","G","exactly one semantically compatible catalog product"
"dcluster_6e5245d7ad0ff5db0075c6bb","Творожная запеканка с манкой и сметаной","Яблоки","Яблоки","apple_raw","EXACT_PRODUCT_ALREADY_RESOLVED","apple_raw","2","SHT","accepted resolver supplied concrete product with nutrition authority"
"dcluster_6e5245d7ad0ff5db0075c6bb","Творожная запеканка с манкой и сметаной","Растительное масло","растительное масло","растительное масло","PRODUCT_SELECTION_PENDING","","10","G","multiple semantically valid products remain; no arbitrary variant is selected"
"dcluster_6e5245d7ad0ff5db0075c6bb","Творожная запеканка с манкой и сметаной","Панировочные сухари","Панировочные сухари","bread_crumbs_dry","EXACT_PRODUCT_ALREADY_RESOLVED","bread_crumbs_dry","2","","accepted resolver supplied concrete product with nutrition authority"
"dcluster_6e5245d7ad0ff5db0075c6bb","Творожная запеканка с манкой и сметаной","Творог","Творог","cottage_cheese_5pct","EXACT_PRODUCT_ALREADY_RESOLVED","cottage_cheese_5pct","300","G","accepted resolver supplied concrete product with nutrition authority"
"dcluster_6e5245d7ad0ff5db0075c6bb","Творожная запеканка с манкой и сметаной","Яйцо","яйцо","яйцо","PRODUCT_SELECTION_PENDING","","1","SHT","multiple semantically valid products remain; no arbitrary variant is selected"
"dcluster_6e5245d7ad0ff5db0075c6bb","Творожная запеканка с манкой и сметаной","Молоко","молоко","молоко","PRODUCT_SELECTION_PENDING","","60","ML","multiple semantically valid products remain; no arbitrary variant is selected"
"dcluster_6e5245d7ad0ff5db0075c6bb","Творожная запеканка с манкой и сметаной","Крупа манная","Крупа манная","semolina_dry","EXACT_PRODUCT_ALREADY_RESOLVED","semolina_dry","30","G","accepted resolver supplied concrete product with nutrition authority"
"dcluster_6e5245d7ad0ff5db0075c6bb","Творожная запеканка с манкой и сметаной","Соль","соль","соль","PRODUCT_SELECTION_PENDING","","1","SHCHIPOTKA","multiple semantically valid products remain; no arbitrary variant is selected"
"dcluster_6e5245d7ad0ff5db0075c6bb","Творожная запеканка с манкой и сметаной","Масло сливочное (для смазывания формы)","Масло сливочное (для смазывания формы)","","PRODUCT_CATALOG_GAP","","1","","no accepted compatible product remains after explicit evidence"
"dcluster_6e5245d7ad0ff5db0075c6bb","Творожная запеканка с манкой и сметаной","Творог 5%","Творог 5%","cottage_cheese_5pct","EXACT_PRODUCT_ALREADY_RESOLVED","cottage_cheese_5pct","400","G","accepted resolver supplied concrete product with nutrition authority"
"dcluster_6e5245d7ad0ff5db0075c6bb","Творожная запеканка с манкой и сметаной","Яйца куриные","Яйца куриные","","PRODUCT_CATALOG_GAP","","2","SHT","no accepted compatible product remains after explicit evidence"
"dcluster_6e5245d7ad0ff5db0075c6bb","Творожная запеканка с манкой и сметаной","Малина","Малина","raspberry_raw","EXACT_PRODUCT_ALREADY_RESOLVED","raspberry_raw","150","G","accepted resolver supplied concrete product with nutrition authority"
"dcluster_6e5245d7ad0ff5db0075c6bb","Творожная запеканка с манкой и сметаной","Сметана 15-20%","сметана","сметана","EXPLICIT_FORM_PRODUCT_SELECTED","sour_cream_20pct","100","G","one product matches explicit source/form qualifiers"
"dcluster_6e5245d7ad0ff5db0075c6bb","Творожная запеканка с манкой и сметаной","Сахар","Сахар","sugar_white","EXACT_PRODUCT_ALREADY_RESOLVED","sugar_white","70","G","accepted resolver supplied concrete product with nutrition authority"
"dcluster_6e5245d7ad0ff5db0075c6bb","Творожная запеканка с манкой и сметаной","Масло сливочное-","масло сливочное","масло сливочное","SINGLE_COMPATIBLE_PRODUCT_SELECTED","butter_72pct","50","G","exactly one semantically compatible catalog product"
"dcluster_6e5245d7ad0ff5db0075c6bb","Творожная запеканка с манкой и сметаной","Крахмал кукурузный","Крахмал кукурузный","corn_starch","EXACT_PRODUCT_ALREADY_RESOLVED","corn_starch","25","G","accepted resolver supplied concrete product with nutrition authority"
"dcluster_6e5245d7ad0ff5db0075c6bb","Творожная запеканка с манкой и сметаной","Сахар ванильный","Сахар ванильный","","PRODUCT_CATALOG_GAP","","5","G","no accepted compatible product remains after explicit evidence"
"dcluster_6e5245d7ad0ff5db0075c6bb","Творожная запеканка с манкой и сметаной","Соль","соль","соль","PRODUCT_SELECTION_PENDING","","3","G","multiple semantically valid products remain; no arbitrary variant is selected"
"dcluster_debfa1e7f6da282a21155820","Каша пшенная в кастрюле на молоке","Молоко","молоко","молоко","PRODUCT_SELECTION_PENDING","","500","ML","multiple semantically valid products remain; no arbitrary variant is selected"
"dcluster_debfa1e7f6da282a21155820","Каша пшенная в кастрюле на молоке","Тыква","Тыква","pumpkin_raw","EXACT_PRODUCT_ALREADY_RESOLVED","pumpkin_raw","400","G","accepted resolver supplied concrete product with nutrition authority"
"dcluster_debfa1e7f6da282a21155820","Каша пшенная в кастрюле на молоке","Пшено","пшено","пшено","PRODUCT_SELECTION_PENDING","","150","G","multiple semantically valid products remain; no arbitrary variant is selected"
"dcluster_debfa1e7f6da282a21155820","Каша пшенная в кастрюле на молоке","Сахар","Сахар","sugar_white","EXACT_PRODUCT_ALREADY_RESOLVED","sugar_white","2.5","","accepted resolver supplied concrete product with nutrition authority"
"dcluster_debfa1e7f6da282a21155820","Каша пшенная в кастрюле на молоке","Сливочное масло","Сливочное масло","butter","EXACT_PRODUCT_ALREADY_RESOLVED","butter","30","G","accepted resolver supplied concrete product with nutrition authority"
"dcluster_debfa1e7f6da282a21155820","Каша пшенная в кастрюле на молоке","Соль","соль","соль","PRODUCT_SELECTION_PENDING","","2","G","multiple semantically valid products remain; no arbitrary variant is selected"
"dcluster_debfa1e7f6da282a21155820","Каша пшенная в кастрюле на молоке","Пшено","пшено","пшено","PRODUCT_SELECTION_PENDING","","100","G","multiple semantically valid products remain; no arbitrary variant is selected"
"dcluster_debfa1e7f6da282a21155820","Каша пшенная в кастрюле на молоке","Молоко","молоко","молоко","PRODUCT_SELECTION_PENDING","","500","ML","multiple semantically valid products remain; no arbitrary variant is selected"
"dcluster_debfa1e7f6da282a21155820","Каша пшенная в кастрюле на молоке","Сахар","Сахар","sugar_white","EXACT_PRODUCT_ALREADY_RESOLVED","sugar_white","2","","accepted resolver supplied concrete product with nutrition authority"
"dcluster_debfa1e7f6da282a21155820","Каша пшенная в кастрюле на молоке","Сливочное масло","Сливочное масло","butter","EXACT_PRODUCT_ALREADY_RESOLVED","butter","20","G","accepted resolver supplied concrete product with nutrition authority"
"dcluster_debfa1e7f6da282a21155820","Каша пшенная в кастрюле на молоке","Тыква","Тыква","pumpkin_raw","EXACT_PRODUCT_ALREADY_RESOLVED","pumpkin_raw","800","G","accepted resolver supplied concrete product with nutrition authority"
"dcluster_debfa1e7f6da282a21155820","Каша пшенная в кастрюле на молоке","Пшено","пшено","пшено","PRODUCT_SELECTION_PENDING","","3","","multiple semantically valid products remain; no arbitrary variant is selected"
"dcluster_debfa1e7f6da282a21155820","Каша пшенная в кастрюле на молоке","Молоко","молоко","молоко","PRODUCT_SELECTION_PENDING","","500","ML","multiple semantically valid products remain; no arbitrary variant is selected"
"dcluster_debfa1e7f6da282a21155820","Каша пшенная в кастрюле на молоке","Курага","Курага","dried_apricot","EXACT_PRODUCT_ALREADY_RESOLVED","dried_apricot","100","G","accepted resolver supplied concrete product with nutrition authority"
"dcluster_debfa1e7f6da282a21155820","Каша пшенная в кастрюле на молоке","Сахар","Сахар","sugar_white","EXACT_PRODUCT_ALREADY_RESOLVED","sugar_white","1","","accepted resolver supplied concrete product with nutrition authority"
"dcluster_debfa1e7f6da282a21155820","Каша пшенная в кастрюле на молоке","Ванилин","ванилин","ванилин","PRODUCT_CATALOG_GAP","","0.5","","no accepted compatible product remains after explicit evidence"
"dcluster_debfa1e7f6da282a21155820","Каша пшенная в кастрюле на молоке","Сливочное масло","Сливочное масло","butter","EXACT_PRODUCT_ALREADY_RESOLVED","butter","15","G","accepted resolver supplied concrete product with nutrition authority"
"dcluster_debfa1e7f6da282a21155820","Каша пшенная в кастрюле на молоке","Тыква","Тыква","pumpkin_raw","EXACT_PRODUCT_ALREADY_RESOLVED","pumpkin_raw","1.2","KG","accepted resolver supplied concrete product with nutrition authority"
"dcluster_debfa1e7f6da282a21155820","Каша пшенная в кастрюле на молоке","Пшено","пшено","пшено","PRODUCT_SELECTION_PENDING","","4","","multiple semantically valid products remain; no arbitrary variant is selected"
"dcluster_debfa1e7f6da282a21155820","Каша пшенная в кастрюле на молоке","Молоко","молоко","молоко","PRODUCT_SELECTION_PENDING","","500","ML","multiple semantically valid products remain; no arbitrary variant is selected"
"dcluster_debfa1e7f6da282a21155820","Каша пшенная в кастрюле на молоке","Сахар","Сахар","sugar_white","EXACT_PRODUCT_ALREADY_RESOLVED","sugar_white","1","","accepted resolver supplied concrete product with nutrition authority"
"dcluster_debfa1e7f6da282a21155820","Каша пшенная в кастрюле на молоке","Пшено","пшено","пшено","PRODUCT_SELECTION_PENDING","","1","STAKAN","multiple semantically valid products remain; no arbitrary variant is selected"
"dcluster_debfa1e7f6da282a21155820","Каша пшенная в кастрюле на молоке","Вода","вода","вода","PROCESS_INPUT_ACCOUNTED","","2","STAKAN","explicit non-purchased process medium"
"dcluster_debfa1e7f6da282a21155820","Каша пшенная в кастрюле на молоке","или","или","","PRODUCT_SELECTION_PENDING","","","","multiple semantically valid products remain; no arbitrary variant is selected"
"dcluster_debfa1e7f6da282a21155820","Каша пшенная в кастрюле на молоке","Молоко","молоко","молоко","PRODUCT_SELECTION_PENDING","","2","STAKAN","multiple semantically valid products remain; no arbitrary variant is selected"
"dcluster_debfa1e7f6da282a21155820","Каша пшенная в кастрюле на молоке","Масло сливочное","масло сливочное","масло сливочное","SINGLE_COMPATIBLE_PRODUCT_SELECTED","butter_72pct","2","","exactly one semantically compatible catalog product"
"dcluster_debfa1e7f6da282a21155820","Каша пшенная в кастрюле на молоке","Соль","соль","соль","PRODUCT_SELECTION_PENDING","","0.25","","multiple semantically valid products remain; no arbitrary variant is selected"
"dcluster_debfa1e7f6da282a21155820","Каша пшенная в кастрюле на молоке","Пшено","пшено","пшено","PRODUCT_SELECTION_PENDING","","250","","multiple semantically valid products remain; no arbitrary variant is selected"
"dcluster_debfa1e7f6da282a21155820","Каша пшенная в кастрюле на молоке","Молоко","молоко","молоко","PRODUCT_SELECTION_PENDING","","1","","multiple semantically valid products remain; no arbitrary variant is selected"
"dcluster_debfa1e7f6da282a21155820","Каша пшенная в кастрюле на молоке","Тыква","Тыква","pumpkin_raw","EXACT_PRODUCT_ALREADY_RESOLVED","pumpkin_raw","300","G","accepted resolver supplied concrete product with nutrition authority"
"dcluster_debfa1e7f6da282a21155820","Каша пшенная в кастрюле на молоке","Мёд","Мёд","step092_honey","EXACT_PRODUCT_ALREADY_RESOLVED","step092_honey","90","","accepted resolver supplied concrete product with nutrition authority"
"dcluster_debfa1e7f6da282a21155820","Каша пшенная в кастрюле на молоке","Сливочное масло","Сливочное масло","butter","EXACT_PRODUCT_ALREADY_RESOLVED","butter","50","G","accepted resolver supplied concrete product with nutrition authority"
"dcluster_373bb4326fab32d1fd0f4cf4","Сырники без яиц с манкой","Творог","Творог","cottage_cheese_5pct","EXACT_PRODUCT_ALREADY_RESOLVED","cottage_cheese_5pct","200","G","accepted resolver supplied concrete product with nutrition authority"
"dcluster_373bb4326fab32d1fd0f4cf4","Сырники без яиц с манкой","Яйцо","яйцо","яйцо","PRODUCT_SELECTION_PENDING","","1","SHT","multiple semantically valid products remain; no arbitrary variant is selected"
"dcluster_373bb4326fab32d1fd0f4cf4","Сырники без яиц с манкой","Манка","Манка","semolina_dry","EXACT_PRODUCT_ALREADY_RESOLVED","semolina_dry","2","STOL_L","accepted resolver supplied concrete product with nutrition authority"
"dcluster_373bb4326fab32d1fd0f4cf4","Сырники без яиц с манкой","Соль","соль","соль","CANONICAL_FAMILY_DEFAULT_SELECTED","salt_table","","SHCHIPOTKA","owner synthesis default recipe-synthesis-product-policy/v2 selected exact accepted Product"
"dcluster_373bb4326fab32d1fd0f4cf4","Сырники без яиц с манкой","Сода","сода","сода","SINGLE_COMPATIBLE_PRODUCT_SELECTED","baking_soda","","SHCHIPOTKA","exactly one semantically compatible catalog product"
"dcluster_373bb4326fab32d1fd0f4cf4","Сырники без яиц с манкой","Ванилин","ванилин","ванилин","PRODUCT_CATALOG_GAP","","","SHCHIPOTKA","no accepted compatible product remains after explicit evidence"
"dcluster_373bb4326fab32d1fd0f4cf4","Сырники без яиц с манкой","Растительное масло","растительное масло","растительное масло","CANONICAL_FAMILY_DEFAULT_SELECTED","sunflower_oil","","","owner synthesis default recipe-synthesis-product-policy/v2 selected exact accepted Product"
"dcluster_373bb4326fab32d1fd0f4cf4","Сырники без яиц с манкой","Мука","мука","мука","CANONICAL_FAMILY_DEFAULT_SELECTED","wheat_flour","","","owner synthesis default recipe-synthesis-product-policy/v2 selected exact accepted Product"
"dcluster_373bb4326fab32d1fd0f4cf4","Сырники без яиц с манкой","Творог","Творог","cottage_cheese_5pct","EXACT_PRODUCT_ALREADY_RESOLVED","cottage_cheese_5pct","200","G","accepted resolver supplied concrete product with nutrition authority"
"dcluster_373bb4326fab32d1fd0f4cf4","Сырники без яиц с манкой","Банан","Банан","banana_raw","EXACT_PRODUCT_ALREADY_RESOLVED","banana_raw","1","SHT","accepted resolver supplied concrete product with nutrition authority"
"dcluster_373bb4326fab32d1fd0f4cf4","Сырники без яиц с манкой","Манка","Манка","semolina_dry","EXACT_PRODUCT_ALREADY_RESOLVED","semolina_dry","1","STOL_L","accepted resolver supplied concrete product with nutrition authority"
"dcluster_373bb4326fab32d1fd0f4cf4","Сырники без яиц с манкой","Мука","мука","мука","CANONICAL_FAMILY_DEFAULT_SELECTED","wheat_flour","1","STOL_L","owner synthesis default recipe-synthesis-product-policy/v2 selected exact accepted Product"
"dcluster_373bb4326fab32d1fd0f4cf4","Сырники без яиц с манкой","Мука","мука","мука","CANONICAL_FAMILY_DEFAULT_SELECTED","wheat_flour","","","owner synthesis default recipe-synthesis-product-policy/v2 selected exact accepted Product"
"dcluster_373bb4326fab32d1fd0f4cf4","Сырники без яиц с манкой","Растительное масло","растительное масло","растительное масло","CANONICAL_FAMILY_DEFAULT_SELECTED","sunflower_oil","","","owner synthesis default recipe-synthesis-product-policy/v2 selected exact accepted Product"
"dcluster_373bb4326fab32d1fd0f4cf4","Сырники без яиц с манкой","Творог жирностью 9%","Творог жирностью 9%","","EXPLICIT_FORM_PRODUCT_SELECTED","cottage_cheese_9pct","400","G","one product matches explicit source/form qualifiers"
"dcluster_373bb4326fab32d1fd0f4cf4","Сырники без яиц с манкой","Яйца","яйца","яйца","SINGLE_COMPATIBLE_PRODUCT_SELECTED","step092_eggs","1","","exactly one semantically compatible catalog product"
"dcluster_373bb4326fab32d1fd0f4cf4","Сырники без яиц с манкой","Мука","мука","мука","CANONICAL_FAMILY_DEFAULT_SELECTED","wheat_flour","70","","owner synthesis default recipe-synthesis-product-policy/v2 selected exact accepted Product"
"dcluster_373bb4326fab32d1fd0f4cf4","Сырники без яиц с манкой","Ванильный сахар","Ванильный сахар","","PRODUCT_CATALOG_GAP","","10","G","no accepted compatible product remains after explicit evidence"
"dcluster_373bb4326fab32d1fd0f4cf4","Сырники без яиц с манкой","Соль","соль","соль","CANONICAL_FAMILY_DEFAULT_SELECTED","salt_table","1","SHCHIPOTKA","owner synthesis default recipe-synthesis-product-policy/v2 selected exact accepted Product"
"dcluster_373bb4326fab32d1fd0f4cf4","Сырники без яиц с манкой","Масло растительное рафинированное","Масло растительное рафинированное","","PRODUCT_CATALOG_GAP","","","","no accepted compatible product remains after explicit evidence"
"dcluster_373bb4326fab32d1fd0f4cf4","Сырники без яиц с манкой","Творог жирный","Творог жирный","","PRODUCT_CATALOG_GAP","","500","G","no accepted compatible product remains after explicit evidence"
"dcluster_373bb4326fab32d1fd0f4cf4","Сырники без яиц с манкой","Яйцо","яйцо","яйцо","PRODUCT_SELECTION_PENDING","","1","SHT","multiple semantically valid products remain; no arbitrary variant is selected"
"dcluster_373bb4326fab32d1fd0f4cf4","Сырники без яиц с манкой","Сахар","Сахар","sugar_white","EXACT_PRODUCT_ALREADY_RESOLVED","sugar_white","2","","accepted resolver supplied concrete product with nutrition authority"
"dcluster_373bb4326fab32d1fd0f4cf4","Сырники без яиц с манкой","Ванилин","ванилин","ванилин","PRODUCT_CATALOG_GAP","","1","G","no accepted compatible product remains after explicit evidence"
"dcluster_373bb4326fab32d1fd0f4cf4","Сырники без яиц с манкой","или ванильный сахар","или ванильный сахар","","PRODUCT_CATALOG_GAP","","1","","no accepted compatible product remains after explicit evidence"
"dcluster_373bb4326fab32d1fd0f4cf4","Сырники без яиц с манкой","Соль","соль","соль","CANONICAL_FAMILY_DEFAULT_SELECTED","salt_table","1","SHCHIPOTKA","owner synthesis default recipe-synthesis-product-policy/v2 selected exact accepted Product"
"dcluster_373bb4326fab32d1fd0f4cf4","Сырники без яиц с манкой","Масло растительное","растительное масло","растительное масло","CANONICAL_FAMILY_DEFAULT_SELECTED","sunflower_oil","","","owner synthesis default recipe-synthesis-product-policy/v2 selected exact accepted Product"
"dcluster_373bb4326fab32d1fd0f4cf4","Сырники без яиц с манкой","Мука","мука","мука","CANONICAL_FAMILY_DEFAULT_SELECTED","wheat_flour","3","","owner synthesis default recipe-synthesis-product-policy/v2 selected exact accepted Product"
"dcluster_373bb4326fab32d1fd0f4cf4","Сырники без яиц с манкой","*","*","","NOT_APPLICABLE","","","","empty ingredient is not selectable"
"dcluster_373bb4326fab32d1fd0f4cf4","Сырники без яиц с манкой","Творог (однородный, жирный)","Творог (однородный, жирный)","","PRODUCT_CATALOG_GAP","","300","","no accepted compatible product remains after explicit evidence"
"dcluster_373bb4326fab32d1fd0f4cf4","Сырники без яиц с манкой","Яйцо (небольшое)","Яйцо (небольшое)","egg_raw","EXACT_PRODUCT_ALREADY_RESOLVED","egg_raw","1","","accepted resolver supplied concrete product with nutrition authority"
"dcluster_373bb4326fab32d1fd0f4cf4","Сырники без яиц с манкой","Мука","мука","мука","CANONICAL_FAMILY_DEFAULT_SELECTED","wheat_flour","90","G","owner synthesis default recipe-synthesis-product-policy/v2 selected exact accepted Product"
"dcluster_373bb4326fab32d1fd0f4cf4","Сырники без яиц с манкой","Масло растительное","растительное масло","растительное масло","CANONICAL_FAMILY_DEFAULT_SELECTED","sunflower_oil","30","ML","owner synthesis default recipe-synthesis-product-policy/v2 selected exact accepted Product"
"dcluster_373bb4326fab32d1fd0f4cf4","Сырники без яиц с манкой","Сахар","Сахар","sugar_white","EXACT_PRODUCT_ALREADY_RESOLVED","sugar_white","0.5","","accepted resolver supplied concrete product with nutrition authority"
"dcluster_373bb4326fab32d1fd0f4cf4","Сырники без яиц с манкой","Ванильный сахар","Ванильный сахар","","PRODUCT_CATALOG_GAP","","1","","no accepted compatible product remains after explicit evidence"
"dcluster_373bb4326fab32d1fd0f4cf4","Сырники без яиц с манкой","Творог","Творог","cottage_cheese_5pct","EXACT_PRODUCT_ALREADY_RESOLVED","cottage_cheese_5pct","300","G","accepted resolver supplied concrete product with nutrition authority"
"dcluster_373bb4326fab32d1fd0f4cf4","Сырники без яиц с манкой","Яйцо","яйцо","яйцо","PRODUCT_SELECTION_PENDING","","1","SHT","multiple semantically valid products remain; no arbitrary variant is selected"
"dcluster_373bb4326fab32d1fd0f4cf4","Сырники без яиц с манкой","Манная крупа","Манная крупа","semolina_dry","EXACT_PRODUCT_ALREADY_RESOLVED","semolina_dry","30","G","accepted resolver supplied concrete product with nutrition authority"
"dcluster_373bb4326fab32d1fd0f4cf4","Сырники без яиц с манкой","Мука","мука","мука","CANONICAL_FAMILY_DEFAULT_SELECTED","wheat_flour","50","","owner synthesis default recipe-synthesis-product-policy/v2 selected exact accepted Product"
"dcluster_373bb4326fab32d1fd0f4cf4","Сырники без яиц с манкой","Разрыхлитель","разрыхлитель","разрыхлитель","SINGLE_COMPATIBLE_PRODUCT_SELECTED","baking_powder","0.5","","exactly one semantically compatible catalog product"
"dcluster_373bb4326fab32d1fd0f4cf4","Сырники без яиц с манкой","Масло растительное","растительное масло","растительное масло","CANONICAL_FAMILY_DEFAULT_SELECTED","sunflower_oil","","","owner synthesis default recipe-synthesis-product-policy/v2 selected exact accepted Product"
"dcluster_7f8a3c5cbd2cf72b64264e79","Пышные сырники с манкой","Творог","Творог","cottage_cheese_5pct","EXACT_PRODUCT_ALREADY_RESOLVED","cottage_cheese_5pct","180","G","accepted resolver supplied concrete product with nutrition authority"
"dcluster_7f8a3c5cbd2cf72b64264e79","Пышные сырники с манкой","Яйцо куриное","Яйцо куриное","","PRODUCT_CATALOG_GAP","","1","SHT","no accepted compatible product remains after explicit evidence"
"dcluster_7f8a3c5cbd2cf72b64264e79","Пышные сырники с манкой","Изюм","Изюм","raisin","EXACT_PRODUCT_ALREADY_RESOLVED","raisin","50","G","accepted resolver supplied concrete product with nutrition authority"
"dcluster_7f8a3c5cbd2cf72b64264e79","Пышные сырники с манкой","Манная крупа","Манная крупа","semolina_dry","EXACT_PRODUCT_ALREADY_RESOLVED","semolina_dry","3","STOL_L","accepted resolver supplied concrete product with nutrition authority"
"dcluster_7f8a3c5cbd2cf72b64264e79","Пышные сырники с манкой","Крахмал кукурузный","Крахмал кукурузный","corn_starch","EXACT_PRODUCT_ALREADY_RESOLVED","corn_starch","1","STOL_L","accepted resolver supplied concrete product with nutrition authority"
"dcluster_7f8a3c5cbd2cf72b64264e79","Пышные сырники с манкой","Сахар","Сахар","sugar_white","EXACT_PRODUCT_ALREADY_RESOLVED","sugar_white","1","STOL_L","accepted resolver supplied concrete product with nutrition authority"
"dcluster_7f8a3c5cbd2cf72b64264e79","Пышные сырники с манкой","Соль","соль","соль","CANONICAL_FAMILY_DEFAULT_SELECTED","salt_table","0.5","CHAYN_L","owner synthesis default recipe-synthesis-product-policy/v2 selected exact accepted Product"
"dcluster_7f8a3c5cbd2cf72b64264e79","Пышные сырники с манкой","Растительное масло","растительное масло","растительное масло","CANONICAL_FAMILY_DEFAULT_SELECTED","sunflower_oil","2","STOL_L","owner synthesis default recipe-synthesis-product-policy/v2 selected exact accepted Product"
"dcluster_7f8a3c5cbd2cf72b64264e79","Пышные сырники с манкой","Творог","Творог","cottage_cheese_5pct","EXACT_PRODUCT_ALREADY_RESOLVED","cottage_cheese_5pct","220","G","accepted resolver supplied concrete product with nutrition authority"
"dcluster_7f8a3c5cbd2cf72b64264e79","Пышные сырники с манкой","Яйцо","яйцо","яйцо","PRODUCT_SELECTION_PENDING","","1","SHT","multiple semantically valid products remain; no arbitrary variant is selected"
"dcluster_7f8a3c5cbd2cf72b64264e79","Пышные сырники с манкой","Мука","мука","мука","CANONICAL_FAMILY_DEFAULT_SELECTED","wheat_flour","2","","owner synthesis default recipe-synthesis-product-policy/v2 selected exact accepted Product"
"dcluster_7f8a3c5cbd2cf72b64264e79","Пышные сырники с манкой","Сахар","Сахар","sugar_white","EXACT_PRODUCT_ALREADY_RESOLVED","sugar_white","1","STOL_L","accepted resolver supplied concrete product with nutrition authority"
"dcluster_7f8a3c5cbd2cf72b64264e79","Пышные сырники с манкой","Соль","соль","соль","CANONICAL_FAMILY_DEFAULT_SELECTED","salt_table","0.5","CHAYN_L","owner synthesis default recipe-synthesis-product-policy/v2 selected exact accepted Product"
"dcluster_7f8a3c5cbd2cf72b64264e79","Пышные сырники с манкой","Растительное масло","растительное масло","растительное масло","CANONICAL_FAMILY_DEFAULT_SELECTED","sunflower_oil","","","owner synthesis default recipe-synthesis-product-policy/v2 selected exact accepted Product"
"dcluster_7f8a3c5cbd2cf72b64264e79","Пышные сырники с манкой","Творог","Творог","cottage_cheese_5pct","EXACT_PRODUCT_ALREADY_RESOLVED","cottage_cheese_5pct","500","G","accepted resolver supplied concrete product with nutrition authority"
"dcluster_7f8a3c5cbd2cf72b64264e79","Пышные сырники с манкой","Яйцо","яйцо","яйцо","PRODUCT_SELECTION_PENDING","","1","SHT","multiple semantically valid products remain; no arbitrary variant is selected"
"dcluster_7f8a3c5cbd2cf72b64264e79","Пышные сырники с манкой","Мука","мука","мука","CANONICAL_FAMILY_DEFAULT_SELECTED","wheat_flour","2","","owner synthesis default recipe-synthesis-product-policy/v2 selected exact accepted Product"
"dcluster_7f8a3c5cbd2cf72b64264e79","Пышные сырники с манкой","Сахар","Сахар","sugar_white","EXACT_PRODUCT_ALREADY_RESOLVED","sugar_white","2","STOL_L","accepted resolver supplied concrete product with nutrition authority"
"dcluster_7f8a3c5cbd2cf72b64264e79","Пышные сырники с манкой","Ванильный сахар","Ванильный сахар","","PRODUCT_CATALOG_GAP","","15","G","no accepted compatible product remains after explicit evidence"
"dcluster_7f8a3c5cbd2cf72b64264e79","Пышные сырники с манкой","Соль","соль","соль","CANONICAL_FAMILY_DEFAULT_SELECTED","salt_table","","","owner synthesis default recipe-synthesis-product-policy/v2 selected exact accepted Product"
"dcluster_7f8a3c5cbd2cf72b64264e79","Пышные сырники с манкой","Масло растительное","растительное масло","растительное масло","CANONICAL_FAMILY_DEFAULT_SELECTED","sunflower_oil","","","owner synthesis default recipe-synthesis-product-policy/v2 selected exact accepted Product"
"dcluster_7f8a3c5cbd2cf72b64264e79","Пышные сырники с манкой","Творог жирностью 5%","Творог жирностью 5%","","PRODUCT_SELECTION_PENDING","","400","G","multiple semantically valid products remain; no arbitrary variant is selected"
"dcluster_7f8a3c5cbd2cf72b64264e79","Пышные сырники с манкой","Яйцо","яйцо","яйцо","PRODUCT_SELECTION_PENDING","","1","SHT","multiple semantically valid products remain; no arbitrary variant is selected"
"dcluster_7f8a3c5cbd2cf72b64264e79","Пышные сырники с манкой","Мука","мука","мука","CANONICAL_FAMILY_DEFAULT_SELECTED","wheat_flour","","","owner synthesis default recipe-synthesis-product-policy/v2 selected exact accepted Product"
"dcluster_7f8a3c5cbd2cf72b64264e79","Пышные сырники с манкой","Сахар","Сахар","sugar_white","EXACT_PRODUCT_ALREADY_RESOLVED","sugar_white","2","","accepted resolver supplied concrete product with nutrition authority"
"dcluster_7f8a3c5cbd2cf72b64264e79","Пышные сырники с манкой","Сахар ванильный","Сахар ванильный","","PRODUCT_CATALOG_GAP","","10","G","no accepted compatible product remains after explicit evidence"
"dcluster_7f8a3c5cbd2cf72b64264e79","Пышные сырники с манкой","Соль","соль","соль","CANONICAL_FAMILY_DEFAULT_SELECTED","salt_table","1","SHCHIPOTKA","owner synthesis default recipe-synthesis-product-policy/v2 selected exact accepted Product"
"dcluster_7f8a3c5cbd2cf72b64264e79","Пышные сырники с манкой","Творог","Творог","cottage_cheese_5pct","EXACT_PRODUCT_ALREADY_RESOLVED","cottage_cheese_5pct","540","G","accepted resolver supplied concrete product with nutrition authority"
"dcluster_7f8a3c5cbd2cf72b64264e79","Пышные сырники с манкой","Яйцо","яйцо","яйцо","PRODUCT_SELECTION_PENDING","","20","G","multiple semantically valid products remain; no arbitrary variant is selected"
"dcluster_7f8a3c5cbd2cf72b64264e79","Пышные сырники с манкой","Сахар","Сахар","sugar_white","EXACT_PRODUCT_ALREADY_RESOLVED","sugar_white","60","G","accepted resolver supplied concrete product with nutrition authority"
"dcluster_7f8a3c5cbd2cf72b64264e79","Пышные сырники с манкой","Мука","мука","мука","CANONICAL_FAMILY_DEFAULT_SELECTED","wheat_flour","80","G","owner synthesis default recipe-synthesis-product-policy/v2 selected exact accepted Product"
"dcluster_7f8a3c5cbd2cf72b64264e79","Пышные сырники с манкой","Соль","соль","соль","CANONICAL_FAMILY_DEFAULT_SELECTED","salt_table","1","G","owner synthesis default recipe-synthesis-product-policy/v2 selected exact accepted Product"
"dcluster_7f8a3c5cbd2cf72b64264e79","Пышные сырники с манкой","Ванилин","ванилин","ванилин","PRODUCT_CATALOG_GAP","","0.5","G","no accepted compatible product remains after explicit evidence"
"dcluster_7f8a3c5cbd2cf72b64264e79","Пышные сырники с манкой","Масло растительное","растительное масло","растительное масло","CANONICAL_FAMILY_DEFAULT_SELECTED","sunflower_oil","","","owner synthesis default recipe-synthesis-product-policy/v2 selected exact accepted Product"
